age,workclass,fnlwgt,education,education_num,marital_status,occupation,relationship,race,sex,capital_gain,capital_loss,hours_per_week,native_country,class
68,2,99849,11,9,6,6,1,4,0,0,0,28,35,0
45,4,70754,14,15,2,9,0,4,1,7298,0,60,35,1
23,2,179413,11,9,2,2,0,4,1,0,0,40,35,0
84,2,157778,15,10,6,2,1,4,0,0,0,6,35,0
41,2,110562,9,13,2,3,0,4,1,0,0,40,35,0
77,2,185426,11,9,2,2,0,4,1,0,0,15,35,0
27,2,278122,11,9,4,13,3,4,1,0,0,40,35,0
52,2,106176,9,13,0,0,4,4,1,0,3770,40,35,0
68,2,211287,12,14,2,3,0,4,1,0,2392,40,35,1
35,2,208106,11,9,2,11,0,4,1,0,0,40,6,0
79,1,84616,1,7,2,3,0,4,1,0,0,7,35,0
31,2,77634,8,11,2,7,0,4,1,0,0,42,35,0
20,2,155818,11,9,4,7,3,4,0,0,0,20,35,0
28,2,292536,15,10,4,13,1,4,1,0,0,50,35,0
57,2,562558,11,9,0,0,4,4,0,0,0,40,35,0
46,4,233974,11,9,2,4,0,4,1,0,0,35,35,0
24,2,161092,9,13,4,3,1,4,1,0,0,40,35,0
23,2,199011,1,7,4,2,3,4,1,0,0,3,35,0
61,2,227332,9,13,4,9,3,4,1,0,0,40,35,0
49,2,162264,11,9,4,6,1,2,1,0,0,40,35,0
29,2,39388,11,9,2,4,0,4,1,0,0,40,35,0
60,2,36077,5,4,3,6,1,4,1,0,0,40,35,0
30,2,122042,12,14,2,3,0,4,1,0,0,45,35,1
43,2,39581,11,9,4,7,1,2,0,0,0,45,35,0
60,2,291904,0,6,0,7,1,2,0,0,0,40,35,0
81,2,364099,15,10,0,0,1,4,0,0,0,20,35,0
74,4,45319,2,8,2,7,0,4,1,1409,0,20,1,0
21,2,162667,11,9,2,2,2,4,1,0,0,40,6,0
58,2,357788,11,9,2,2,0,2,1,0,0,40,35,0
83,3,153183,9,13,2,3,0,4,1,0,2392,55,35,1
29,2,154017,11,9,4,11,1,4,0,0,0,10,35,0
38,2,278557,9,13,2,11,0,4,1,0,0,50,35,1
45,1,251786,11,9,4,0,1,4,0,0,0,37,35,0
34,2,144798,15,10,4,0,1,4,0,0,0,40,35,0
30,2,145231,7,12,0,0,3,4,0,0,1762,40,35,0
25,5,230200,9,13,2,7,5,4,0,0,0,40,35,0
38,2,166585,9,13,0,3,1,4,0,0,0,55,35,0
19,2,169853,11,9,4,6,3,4,1,0,0,24,35,0
33,2,209768,9,13,2,9,0,4,1,0,0,40,35,1
72,2,225780,10,16,4,9,1,4,1,0,0,30,35,0
66,4,174788,15,10,4,11,1,4,0,0,0,20,35,0
62,2,263374,8,11,2,2,0,4,1,0,0,40,1,0
27,2,419146,4,3,4,7,1,4,1,0,0,75,24,0
82,4,240491,11,9,2,2,0,4,1,0,0,40,4,0
68,2,217424,11,9,2,10,0,4,1,0,0,24,35,0
49,2,95636,0,6,0,2,1,4,1,0,0,40,35,0
48,4,328606,14,15,0,9,4,4,1,14084,0,63,35,1
60,4,127805,5,4,2,13,0,4,1,0,0,40,35,1
24,2,257621,9,13,4,3,1,4,0,0,0,40,35,0
35,2,109351,9,13,4,11,1,4,0,8614,0,45,35,1
50,2,24790,11,9,2,2,0,4,1,0,0,40,35,0
55,1,30636,11,9,2,2,0,4,1,4386,0,40,35,1
55,2,189933,15,10,2,13,0,4,1,0,0,84,35,0
27,2,213921,11,9,4,7,3,4,1,0,0,40,24,0
84,2,157778,15,10,6,2,1,4,0,0,0,6,35,0
72,2,53684,15,10,2,10,0,2,1,0,0,40,35,0
44,2,245317,11,9,2,13,0,4,1,0,0,40,35,0
53,2,380086,11,9,2,3,0,4,1,7688,0,48,35,1
77,2,185426,11,9,2,2,0,4,1,0,0,15,35,0
77,2,185426,11,9,2,2,0,4,1,0,0,15,35,0
29,0,244473,9,13,2,3,0,4,1,7688,0,40,35,1
67,2,160456,1,7,6,7,1,4,0,0,0,40,35,0
72,2,194548,15,10,3,2,1,4,1,0,0,3,35,0
66,2,151793,5,4,6,7,1,2,0,0,0,10,35,0
38,2,322092,11,9,0,5,1,4,1,0,0,40,35,0
57,2,169071,11,9,0,11,4,4,0,0,0,28,35,0
67,2,350525,15,10,2,2,0,4,1,0,0,15,35,1
77,2,185426,11,9,2,2,0,4,1,0,0,15,35,0
82,4,240491,11,9,2,2,0,4,1,0,0,40,4,0
31,2,375680,9,13,4,9,4,2,0,0,0,40,35,0
26,2,213412,1,7,2,2,0,4,1,0,0,40,35,0
46,2,233493,11,9,2,6,0,4,1,0,1579,40,35,0
26,2,68895,11,9,4,0,1,4,1,0,0,50,24,0
27,2,420351,11,9,4,0,1,4,1,0,0,45,35,0
25,2,207965,9,13,4,7,1,4,0,0,0,60,35,0
34,1,108247,15,10,2,3,0,4,1,0,0,45,35,1
24,2,225724,9,13,4,0,3,4,0,0,0,20,35,0
31,2,307375,15,10,4,7,1,0,0,0,0,40,35,0
29,2,42881,9,13,2,3,5,4,0,0,0,40,35,1
46,2,151325,0,6,2,2,0,4,1,0,0,40,35,0
83,3,153183,9,13,2,3,0,4,1,0,2392,55,35,1
35,3,99146,8,11,2,2,0,4,1,0,0,55,35,0
20,2,105312,11,9,4,11,1,4,0,0,0,35,35,0
25,2,207965,9,13,4,7,1,4,0,0,0,60,35,0
51,2,256051,1,7,2,13,0,2,1,0,1628,40,35,0
47,0,160646,8,11,2,0,5,4,0,0,0,35,35,0
70,2,221603,15,10,6,11,1,4,0,0,0,34,35,0
61,0,95680,7,12,2,3,0,1,1,3103,0,40,35,1
20,2,406641,11,9,4,0,1,4,0,0,0,30,35,0
47,0,68493,11,9,2,0,0,2,1,0,0,40,35,1
45,2,192360,12,14,2,3,0,4,1,0,1902,50,35,1
37,2,356231,0,6,2,6,0,2,1,0,2129,65,35,0
49,2,255559,15,10,2,0,5,4,0,0,0,40,35,1
52,2,177487,11,9,2,7,0,4,1,0,0,40,35,0
32,2,209691,9,13,2,11,0,4,1,0,0,42,35,1
69,2,168139,11,9,2,11,5,4,0,0,0,40,35,0
36,2,176634,9,13,2,11,5,4,0,0,0,35,35,1
46,4,95256,11,9,0,13,1,4,1,0,0,50,35,0
82,4,240491,11,9,2,2,0,4,1,0,0,40,4,0
53,2,149220,12,14,2,11,0,4,1,0,0,40,35,0
68,2,217424,11,9,2,10,0,4,1,0,0,24,35,0
71,4,172046,5,4,2,4,0,4,1,0,0,50,35,0
33,2,162930,9,13,2,9,0,4,1,0,0,50,20,0
20,2,262749,15,10,4,7,3,4,1,0,0,35,35,0
25,2,186294,11,9,4,0,1,4,0,0,0,50,35,0
57,2,169071,11,9,0,11,4,4,0,0,0,28,35,0
50,4,95577,11,9,2,7,5,4,0,0,0,12,35,0
72,2,195181,11,9,2,2,0,4,1,0,0,32,35,0
49,1,192349,12,14,4,9,1,4,0,4650,0,40,35,0
31,1,402089,11,9,0,0,4,4,0,0,0,40,35,0
56,1,238582,15,10,2,2,0,4,1,0,0,41,35,1
53,2,229465,12,14,2,3,0,4,1,0,0,55,35,1
66,4,37170,11,9,2,0,0,4,1,0,0,42,35,1
43,3,150533,11,9,2,11,0,4,1,0,0,68,35,1
74,2,209454,4,3,2,13,0,2,1,0,0,40,35,0
80,2,91901,11,9,2,2,0,4,1,0,0,25,35,0
26,4,163189,11,9,4,11,3,4,1,0,0,40,35,0
39,2,78171,15,10,3,0,4,0,0,0,0,40,35,0
67,2,182378,9,13,2,2,0,4,1,9386,0,60,35,1
50,2,188186,12,14,0,11,1,4,0,0,1590,45,35,0
55,4,145574,11,9,0,3,1,4,1,34095,0,60,35,0
45,1,310260,9,13,2,9,0,4,1,0,0,50,35,1
61,3,156653,11,9,0,11,1,4,1,0,0,55,35,0
46,1,274689,7,12,0,10,1,4,1,0,0,40,35,0
28,2,69107,11,9,2,5,0,2,1,0,0,40,35,0
18,2,395026,1,7,4,7,3,4,1,0,0,12,35,0
72,2,107814,12,14,4,9,1,4,1,2329,0,60,35,0
22,2,89991,15,10,4,7,3,4,0,0,0,11,35,0
61,2,584259,12,14,2,2,0,4,1,0,0,2,35,1
60,4,95490,11,9,2,11,0,4,1,0,0,45,35,0
59,2,169639,7,12,6,3,4,4,0,0,0,40,35,0
22,0,277700,15,10,4,12,3,4,1,0,0,20,35,0
82,4,240491,11,9,2,2,0,4,1,0,0,40,4,0
59,2,99131,11,9,6,9,1,4,0,0,0,18,35,0
17,2,139183,0,6,4,11,3,4,0,0,0,15,35,0
73,2,88594,11,9,0,3,1,4,0,0,0,35,35,0
17,2,28031,6,5,4,7,3,4,1,0,0,16,35,0
19,2,168693,11,9,4,11,3,4,0,0,0,25,35,0
80,2,91901,11,9,2,2,0,4,1,0,0,25,35,0
74,4,45319,2,8,2,7,0,4,1,1409,0,20,1,0
59,2,200316,11,9,2,2,0,4,1,0,0,40,35,0
20,2,204596,2,8,4,0,3,4,0,0,0,20,35,0
54,2,127704,5,4,5,2,1,4,1,0,0,40,35,0
53,2,225768,8,11,2,2,0,2,1,0,0,40,35,1
66,3,107627,11,9,2,11,0,4,1,0,0,60,35,1
46,2,67001,10,16,2,9,0,4,1,0,0,40,35,1
48,4,209146,11,9,2,13,0,4,1,0,0,60,35,0
31,2,151053,15,10,2,13,0,4,1,0,0,34,35,0
45,2,172274,10,16,0,9,4,2,0,0,3004,35,35,1
63,3,110610,0,6,2,4,0,4,1,0,0,50,35,0
25,4,195000,15,10,0,9,1,4,0,0,0,40,35,0
56,2,329948,11,9,2,11,0,4,1,0,0,40,35,0
45,3,122206,7,12,2,3,0,4,1,0,0,50,35,1
32,2,130007,0,6,0,11,3,4,0,0,0,35,35,0
49,1,192349,12,14,4,9,1,4,0,4650,0,40,35,0
50,3,304955,9,13,2,11,0,4,1,0,0,60,35,1
75,2,95985,4,3,6,7,4,2,1,0,0,10,35,0
81,2,364099,15,10,0,0,1,4,0,0,0,20,35,0
74,4,392886,11,9,6,4,1,4,0,0,0,14,35,0
75,2,248833,11,9,1,2,5,4,0,2653,0,14,35,0
81,2,364099,15,10,0,0,1,4,0,0,0,20,35,0
58,2,148673,11,9,2,2,0,4,1,0,0,10,35,0
26,2,339324,11,9,2,6,0,4,1,0,0,96,35,0
32,5,481096,4,3,4,6,3,4,0,0,0,10,35,0
77,4,34761,5,4,2,4,0,4,1,0,0,40,35,0
53,2,200576,1,7,0,2,2,4,0,0,0,40,35,0
34,2,121640,15,10,0,9,1,0,1,0,0,44,35,0
75,2,248833,11,9,1,2,5,4,0,2653,0,14,35,0
30,2,209317,11,9,4,6,1,4,1,0,0,50,5,0
30,4,223212,9,13,4,11,4,4,1,0,0,40,35,0
72,2,195181,11,9,2,2,0,4,1,0,0,32,35,0
28,2,312588,0,6,0,7,1,4,0,0,0,40,35,0
73,2,88594,11,9,0,3,1,4,0,0,0,35,35,0
69,2,168139,11,9,2,11,5,4,0,0,0,40,35,0
79,1,84616,1,7,2,3,0,4,1,0,0,7,35,0
53,2,30244,7,12,2,3,0,4,1,15024,0,40,35,1
73,2,88594,11,9,0,3,1,4,0,0,0,35,35,0
66,3,107627,11,9,2,11,0,4,1,0,0,60,35,1
40,2,157403,15,10,4,2,4,4,1,0,0,38,35,0
50,2,38310,5,4,0,7,2,4,0,0,0,40,35,0
21,2,313873,4,3,4,5,1,4,1,0,0,40,24,0
17,2,130125,0,6,4,7,3,0,0,1055,0,20,35,0
30,2,169583,9,13,1,3,5,4,0,0,0,40,35,1
72,2,53684,15,10,2,10,0,2,1,0,0,40,35,0
39,2,46395,9,13,2,3,0,4,1,0,0,40,35,0
26,2,75654,11,9,0,2,1,4,1,0,0,55,35,0
59,2,258579,15,10,2,13,0,4,1,3103,0,35,35,1
59,2,258579,15,10,2,13,0,4,1,3103,0,35,35,1
62,2,211408,8,11,2,12,0,4,1,0,0,40,35,1
58,4,95763,15,10,2,4,0,4,1,0,0,60,35,0
84,2,157778,15,10,6,2,1,4,0,0,0,6,35,0
84,2,157778,15,10,6,2,1,4,0,0,0,6,35,0
79,1,84616,1,7,2,3,0,4,1,0,0,7,35,0
23,2,420973,9,13,4,9,1,4,0,0,0,40,35,0
35,2,207676,15,10,4,5,3,2,1,0,0,40,35,0
38,2,65324,14,15,2,9,0,4,1,0,0,40,35,1
30,1,211654,12,14,2,9,0,4,1,0,0,40,35,1
24,2,361278,15,10,4,0,1,4,0,0,0,40,35,0
24,2,205839,15,10,4,5,3,4,1,0,0,40,35,0
72,2,53684,15,10,2,10,0,2,1,0,0,40,35,0
83,3,153183,9,13,2,3,0,4,1,0,2392,55,35,1
33,2,186824,1,7,2,2,0,4,1,0,0,40,35,0
61,2,80896,12,14,2,9,0,1,1,0,0,45,17,1
23,2,494371,11,9,4,5,3,4,1,0,0,40,35,0
28,2,232945,11,9,5,5,1,3,1,0,0,30,35,0
19,2,216413,15,10,4,7,3,4,0,0,0,20,35,0
24,2,278107,11,9,4,2,3,4,1,0,0,60,35,0
20,2,217421,11,9,2,0,2,4,0,0,0,40,35,0
46,1,345911,15,10,0,13,1,4,0,0,0,40,35,0
26,2,209051,15,10,4,5,1,4,1,0,0,25,35,0
61,0,230545,11,9,4,0,4,4,0,0,0,35,29,0
32,1,223267,12,14,2,9,0,4,1,0,0,48,35,0
24,2,266971,9,13,4,11,1,4,0,0,0,40,35,0
63,2,68954,11,9,6,2,1,2,0,0,0,11,35,0
46,6,142210,11,9,2,6,5,4,0,0,0,25,35,0
47,1,80282,9,13,2,9,0,4,1,3137,0,40,35,0
45,2,201080,15,10,2,11,0,4,1,0,0,60,35,1
61,2,244261,11,9,2,2,0,2,1,0,0,40,35,0
67,2,40021,10,16,2,2,0,4,1,0,0,40,35,0
83,3,153183,9,13,2,3,0,4,1,0,2392,55,35,1
40,2,196029,11,9,0,13,4,4,1,0,0,45,35,0
63,4,194638,11,9,2,2,0,4,1,0,0,32,35,0
79,1,84616,1,7,2,3,0,4,1,0,0,7,35,0
56,1,391926,11,9,2,3,0,4,1,0,0,40,35,0
50,4,42402,14,15,2,9,0,4,1,0,2415,30,35,1
61,2,244261,11,9,2,2,0,2,1,0,0,40,35,0
84,2,157778,15,10,6,2,1,4,0,0,0,6,35,0
20,2,400443,11,9,4,11,3,4,0,0,0,20,35,0
27,2,147340,11,9,4,7,1,4,0,0,0,50,35,1
47,2,158286,12,14,2,3,0,4,1,0,0,50,35,1
84,2,157778,15,10,6,2,1,4,0,0,0,6,35,0
50,2,306790,15,10,2,2,0,4,1,0,0,40,35,1
51,0,72436,11,9,2,3,0,4,1,0,0,57,35,1
75,2,248833,11,9,1,2,5,4,0,2653,0,14,35,0
38,2,227945,12,14,2,9,0,4,1,99999,0,65,35,1
19,2,425447,11,9,4,2,4,2,0,0,0,40,35,0
43,1,216116,12,14,5,9,4,2,0,0,0,37,35,0
43,2,398959,15,10,2,2,0,4,1,0,0,40,35,0
56,2,235136,5,4,2,0,0,4,1,0,0,40,5,0
75,2,95985,4,3,6,7,4,2,1,0,0,10,35,0
28,2,435842,9,13,2,3,0,4,1,0,0,40,35,0
35,4,313132,14,15,2,9,0,4,1,0,0,40,35,1
48,2,156926,9,13,2,11,0,4,1,0,0,45,35,1
82,4,240491,11,9,2,2,0,4,1,0,0,40,4,0
67,2,160456,1,7,6,7,1,4,0,0,0,40,35,0
54,2,104421,15,10,0,0,1,4,0,0,0,40,35,0
83,3,153183,9,13,2,3,0,4,1,0,2392,55,35,1
82,4,240491,11,9,2,2,0,4,1,0,0,40,4,0
59,0,293971,15,10,2,12,0,4,1,0,0,40,35,1
67,2,102693,11,9,6,2,1,4,1,1086,0,35,35,0
64,4,136405,11,9,6,4,1,4,1,0,0,32,35,0
67,2,40021,10,16,2,2,0,4,1,0,0,40,35,0
35,2,160120,9,13,2,0,0,1,1,0,0,40,26,1
51,2,45599,11,9,0,9,1,4,1,0,0,40,35,0
41,2,283174,9,13,2,2,0,4,1,99999,0,40,35,1
83,3,153183,9,13,2,3,0,4,1,0,2392,55,35,1
69,2,177374,11,9,6,0,4,4,0,1848,0,12,35,0
53,2,194259,15,10,2,0,5,4,0,4386,0,40,35,1
48,2,117849,15,10,2,9,0,4,1,0,0,40,35,1
18,2,97318,11,9,4,2,3,4,0,0,0,35,35,0
47,0,96854,9,13,2,9,0,4,1,0,0,40,35,1
70,2,221603,15,10,6,11,1,4,0,0,0,34,35,0
56,4,403072,15,10,2,2,0,4,1,0,0,50,35,1
25,1,31873,9,13,4,0,1,4,0,0,0,40,35,0
65,4,111916,14,15,2,3,0,4,1,0,0,10,35,1
27,2,180262,15,10,4,3,1,4,0,0,0,40,35,0
79,1,84616,1,7,2,3,0,4,1,0,0,7,35,0
83,3,153183,9,13,2,3,0,4,1,0,2392,55,35,1
68,2,214521,14,15,6,9,4,4,0,0,0,16,35,0
67,2,219687,15,10,6,11,1,4,1,0,0,18,35,0
54,2,140359,5,4,0,6,4,4,0,0,3900,40,35,0
28,2,156300,12,14,4,3,1,2,0,0,0,45,35,0
67,4,75140,11,9,2,4,0,4,1,0,0,25,35,0
53,2,133963,11,9,0,2,1,4,0,0,0,40,35,0
45,2,27184,11,9,6,2,4,4,0,0,0,38,35,0
42,2,210857,9,13,2,3,0,4,1,7688,0,50,35,1
43,2,248186,7,12,4,0,1,4,0,0,0,38,35,0
42,2,178074,11,9,0,0,1,4,0,0,0,40,35,0
66,2,177351,9,13,2,2,0,4,1,0,2174,40,35,1
61,2,80896,12,14,2,9,0,1,1,0,0,45,17,1
26,2,240842,11,9,4,6,4,2,0,0,0,40,35,0
52,2,176134,11,9,2,6,0,2,1,0,0,48,35,0
47,2,59380,15,10,0,0,4,4,0,0,0,42,35,0
43,3,49249,7,12,2,3,0,4,1,0,0,50,35,1
29,2,194640,11,9,4,2,3,4,1,0,0,40,35,0
79,1,84616,1,7,2,3,0,4,1,0,0,7,35,0
70,2,236055,5,4,6,7,1,4,0,0,0,35,35,0
65,2,176796,10,16,6,9,1,4,0,0,0,40,35,0
65,2,176219,11,9,3,7,1,1,1,0,0,40,31,0
19,2,238144,15,10,0,0,1,4,0,0,0,20,35,0
62,2,263374,8,11,2,2,0,4,1,0,0,40,1,0
60,2,141221,9,13,2,2,0,1,1,0,2163,25,31,0
72,2,194548,15,10,3,2,1,4,1,0,0,3,35,0
64,2,477697,11,9,2,3,0,4,1,0,0,16,35,0
22,2,440934,15,10,4,11,4,4,1,0,0,40,35,0
55,2,109015,15,10,0,0,1,4,0,0,0,38,35,0
70,2,221603,15,10,6,11,1,4,0,0,0,34,35,0
32,2,222205,15,10,2,9,5,4,0,0,0,40,35,1
83,3,153183,9,13,2,3,0,4,1,0,2392,55,35,1
74,4,392886,11,9,6,4,1,4,0,0,0,14,35,0
81,2,55314,9,13,2,0,0,4,1,0,0,4,35,1
50,1,153064,11,9,2,3,0,4,1,5178,0,40,35,1
73,4,228899,5,4,4,0,1,4,0,0,0,99,35,0
22,2,141698,0,6,4,2,4,4,1,0,0,40,35,0
36,2,262688,15,10,2,11,0,2,1,7688,0,50,35,1
45,3,173664,9,13,2,3,0,4,1,0,0,45,35,1
77,2,185426,11,9,2,2,0,4,1,0,0,15,35,0
38,2,328301,15,10,4,11,4,4,0,0,0,40,35,0
34,2,93169,15,10,0,7,4,2,0,0,0,40,35,0
83,3,153183,9,13,2,3,0,4,1,0,2392,55,35,1
45,4,285575,11,9,2,3,0,1,1,0,0,40,2,0
63,2,205246,11,9,2,6,0,2,1,0,0,40,35,0
21,2,417668,11,9,4,5,3,4,1,0,0,36,35,0
41,2,165815,15,10,2,3,0,4,1,0,0,60,35,0
84,2,157778,15,10,6,2,1,4,0,0,0,6,35,0
32,2,198068,11,9,2,2,0,4,1,0,0,40,35,0
75,2,95985,4,3,6,7,4,2,1,0,0,10,35,0
48,4,58683,15,10,2,11,0,4,1,0,0,70,35,1
56,2,314727,11,9,2,2,0,4,1,0,0,35,35,1
57,5,283635,15,10,0,2,1,4,0,0,0,40,35,0
32,2,287229,11,9,4,0,1,4,0,0,0,35,35,0
81,2,55314,9,13,2,0,0,4,1,0,0,4,35,1
53,2,200576,1,7,0,2,2,4,0,0,0,40,35,0
56,2,235136,5,4,2,0,0,4,1,0,0,40,5,0
53,2,182186,6,5,2,7,0,4,1,0,0,40,5,0
59,3,132559,10,16,2,2,0,4,1,0,1977,55,35,1
43,2,248094,11,9,2,6,0,4,1,0,0,44,35,1
17,2,566049,0,6,4,7,3,4,1,0,0,8,35,0
70,2,236055,5,4,6,7,1,4,0,0,0,35,35,0
50,2,34067,8,11,2,3,0,4,1,0,0,50,35,1
55,2,202435,9,13,0,0,1,4,0,0,0,40,35,0
36,2,294760,8,11,2,12,0,4,1,0,0,50,35,0
36,4,269509,11,9,0,11,1,4,1,0,0,35,35,0
71,2,77253,11,9,4,5,1,4,1,0,0,17,35,0
31,2,219117,15,10,0,3,4,4,0,5455,0,60,35,0
38,2,64879,15,10,0,11,1,4,0,0,0,40,35,0
58,4,49884,11,9,2,4,0,4,1,0,0,50,35,0
33,4,188957,9,13,4,11,1,4,0,0,0,40,35,0
38,2,187999,9,13,2,12,0,4,1,0,0,45,35,1
74,2,99183,15,10,0,0,1,4,0,0,0,9,35,0
41,3,240124,15,10,2,4,0,4,1,0,0,50,35,0
27,2,210867,5,4,4,4,3,4,1,0,0,50,35,0
56,2,367984,8,11,2,3,0,4,1,15024,0,40,35,1
26,2,205036,11,9,4,5,1,4,1,0,0,42,35,0
74,2,99183,15,10,0,0,1,4,0,0,0,9,35,0
45,2,200363,8,11,0,3,1,4,0,0,0,44,35,0
63,2,205246,11,9,2,6,0,2,1,0,0,40,35,0
73,2,88594,11,9,0,3,1,4,0,0,0,35,35,0
72,4,473748,11,9,2,11,0,4,1,0,0,30,35,0
61,2,180418,11,9,2,13,0,4,1,0,0,40,35,1
60,2,160625,11,9,2,9,0,4,1,5013,0,40,35,0
52,2,214091,11,9,6,7,1,0,0,0,0,40,35,0
43,2,106900,9,13,2,6,0,4,1,0,0,40,35,0
59,0,293971,15,10,2,12,0,4,1,0,0,40,35,1
74,2,99183,15,10,0,0,1,4,0,0,0,9,35,0
31,2,165949,11,9,0,7,4,4,0,0,0,40,35,0
32,2,370160,15,10,5,3,4,2,0,0,0,40,35,0
74,2,99183,15,10,0,0,1,4,0,0,0,9,35,0
37,2,356231,0,6,2,6,0,2,1,0,2129,65,35,0
28,2,199903,9,13,4,0,1,4,0,0,0,20,35,0
17,2,256496,0,6,4,2,3,4,1,0,0,35,35,0
19,2,267796,15,10,4,0,3,4,1,0,0,30,35,0
29,2,192010,9,13,4,9,1,4,0,0,0,60,27,0
45,2,199590,4,3,2,13,0,4,1,0,0,38,24,0
60,2,202226,15,10,0,2,3,4,1,0,0,44,35,1
57,2,279636,8,11,4,2,1,4,1,0,0,40,35,1
77,4,34761,5,4,2,4,0,4,1,0,0,40,35,0
73,2,88594,11,9,0,3,1,4,0,0,0,35,35,0
43,2,300528,15,10,2,13,0,4,1,0,0,40,35,0
35,2,283122,15,10,2,12,0,4,1,0,0,45,35,0
22,2,349368,9,13,4,3,3,4,0,0,0,30,35,0
70,4,143833,15,10,2,3,0,4,1,0,2246,40,35,1
33,2,340332,9,13,5,3,1,2,0,0,0,45,35,0
83,3,153183,9,13,2,3,0,4,1,0,2392,55,35,1
67,4,268514,9,13,0,9,1,4,1,0,0,40,35,0
39,2,154641,8,11,2,0,0,4,1,0,0,40,35,0
79,1,84616,1,7,2,3,0,4,1,0,0,7,35,0
74,4,392886,11,9,6,4,1,4,0,0,0,14,35,0
22,2,440934,15,10,4,11,4,4,1,0,0,40,35,0
40,2,183096,9,13,0,0,1,4,0,0,0,35,35,0
36,2,370156,11,9,0,0,4,4,0,0,0,38,35,0
35,5,227128,11,9,0,2,3,4,1,0,0,40,35,0
23,2,134997,15,10,5,2,4,4,0,0,0,20,35,0
69,2,177374,11,9,6,0,4,4,0,1848,0,12,35,0
19,2,138917,15,10,4,11,3,2,0,0,0,20,35,0
75,2,248833,11,9,1,2,5,4,0,2653,0,14,35,0
58,2,123886,11,9,4,11,2,2,0,0,0,40,35,0
55,2,216941,11,9,2,2,5,4,0,2885,0,40,35,0
67,2,350525,15,10,2,2,0,4,1,0,0,15,35,1
84,2,157778,15,10,6,2,1,4,0,0,0,6,35,0
38,4,166497,14,15,4,9,1,4,1,0,0,60,35,1
63,2,310396,6,5,2,2,0,4,1,5178,0,40,35,1
68,2,211287,12,14,2,3,0,4,1,0,2392,40,35,1
56,2,147653,11,9,0,0,4,4,0,0,0,32,35,0
70,2,236055,5,4,6,7,1,4,0,0,0,35,35,0
34,4,213226,9,13,2,3,0,4,1,0,1485,35,35,0
47,3,209460,15,10,2,3,0,4,1,4386,0,40,35,1
20,2,386643,15,10,4,7,3,4,0,0,0,40,35,0
26,5,177035,1,7,0,7,4,4,0,0,0,40,35,0
54,2,185407,11,9,2,2,0,4,1,7688,0,40,35,1
73,4,228899,5,4,4,0,1,4,0,0,0,99,35,0
44,2,211531,15,10,2,3,0,4,1,0,0,50,35,0
71,2,228806,6,5,0,8,1,2,0,0,0,6,35,0
81,2,364099,15,10,0,0,1,4,0,0,0,20,35,0
82,4,240491,11,9,2,2,0,4,1,0,0,40,4,0
59,2,59584,11,9,2,6,0,2,1,0,0,40,35,0
80,2,91901,11,9,2,2,0,4,1,0,0,25,35,0
64,2,285052,15,10,6,3,1,4,0,0,0,10,35,0
66,2,298834,15,10,2,10,0,4,1,0,0,40,1,0
45,2,115187,8,11,0,6,3,4,0,0,0,40,35,0
54,2,48358,11,9,2,2,0,4,1,0,0,40,35,1
19,2,43937,15,10,4,7,2,4,0,0,0,20,35,0
17,2,452406,1,7,4,11,3,2,0,0,0,15,35,0
65,2,204042,11,9,0,10,1,4,1,0,0,20,35,0
66,3,107627,11,9,2,11,0,4,1,0,0,60,35,1
53,2,200576,1,7,0,2,2,4,0,0,0,40,35,0
24,2,304463,15,10,2,2,0,4,1,0,0,65,35,0
23,2,37894,11,9,5,7,3,4,0,0,0,40,35,0
53,2,172962,14,15,2,9,0,4,1,0,0,40,35,1
47,0,96854,9,13,2,9,0,4,1,0,0,40,35,1
25,2,169323,9,13,2,3,3,4,0,0,0,40,35,0
19,2,264876,11,9,4,5,3,4,1,0,0,40,35,0
20,2,368832,15,10,4,7,1,4,0,0,0,25,35,0
46,3,125892,9,13,2,9,0,4,1,0,1977,60,35,1
55,4,145574,11,9,0,3,1,4,1,34095,0,60,35,0
39,2,56269,15,10,4,2,3,2,1,0,0,40,35,0
56,2,101128,7,12,3,7,1,4,1,0,0,25,18,0
81,2,55314,9,13,2,0,0,4,1,0,0,4,35,1
25,2,632834,11,9,4,2,3,2,1,0,0,40,35,0
56,4,179594,11,9,2,3,0,4,1,0,0,48,35,0
24,2,161092,9,13,4,3,1,4,1,0,0,40,35,0
83,3,153183,9,13,2,3,0,4,1,0,2392,55,35,1
79,1,84616,1,7,2,3,0,4,1,0,0,7,35,0
41,2,101739,7,12,2,3,5,4,0,0,0,50,35,1
54,2,409173,11,9,2,12,0,2,1,0,0,50,29,1
65,2,190454,1,7,2,2,0,4,1,0,0,29,35,0
30,2,87469,11,9,4,7,1,4,1,0,0,40,35,0
39,4,134475,9,13,0,0,1,4,1,0,1762,40,35,0
38,2,260997,15,10,2,6,0,2,1,0,0,40,35,0
79,1,84616,1,7,2,3,0,4,1,0,0,7,35,0
42,2,186689,11,9,2,7,5,2,0,0,0,60,35,0
68,2,339168,9,13,2,13,0,4,1,0,0,30,35,0
48,2,25468,12,14,0,3,1,4,1,99999,0,50,35,1
81,2,364099,15,10,0,0,1,4,0,0,0,20,35,0
66,3,107627,11,9,2,11,0,4,1,0,0,60,35,1
79,1,84616,1,7,2,3,0,4,1,0,0,7,35,0
26,2,264012,9,13,4,0,1,4,1,0,0,40,35,0
27,2,147340,11,9,4,7,1,4,0,0,0,50,35,1
73,4,228899,5,4,4,0,1,4,0,0,0,99,35,0
80,2,91901,11,9,2,2,0,4,1,0,0,25,35,0
46,2,155890,9,13,2,13,0,4,1,0,0,40,35,1
67,4,152102,11,9,6,4,1,4,1,0,0,65,35,0
54,2,220115,15,10,0,0,1,4,1,0,0,30,35,0
28,2,435842,9,13,2,3,0,4,1,0,0,40,35,0
27,2,159897,11,9,4,3,1,2,0,0,0,37,35,0
55,3,67433,11,9,2,3,0,4,1,0,0,60,35,0
62,2,149617,15,10,6,3,1,4,0,0,0,16,35,0
19,2,243373,2,8,4,11,2,4,1,1055,0,40,35,0
48,4,138069,4,3,2,2,0,4,1,0,2042,50,35,0
30,2,145231,7,12,0,0,3,4,0,0,1762,40,35,0
24,2,228395,9,13,4,11,3,2,0,0,0,40,35,0
63,2,143098,11,9,2,11,0,4,1,4064,0,40,35,0
22,2,237386,8,11,4,9,1,4,1,0,0,50,35,0
35,2,155961,11,9,4,7,3,2,0,0,0,35,21,0
54,4,136224,12,14,0,9,1,4,0,0,0,30,35,0
56,3,32316,2,8,6,3,1,4,0,0,0,40,35,0
57,2,61474,15,10,2,3,0,4,1,7688,0,45,35,1
27,3,113870,12,14,4,13,3,4,1,0,0,40,35,0
34,1,229531,7,12,2,9,0,4,1,0,0,60,35,0
52,2,25826,0,6,2,2,0,4,1,0,1887,47,35,1
62,2,122033,11,9,6,0,1,4,0,0,0,38,35,0
64,5,184271,10,16,2,9,0,4,1,0,0,50,35,1
22,2,54560,11,9,2,13,0,4,1,0,0,60,35,0
33,1,161942,9,13,4,0,1,4,0,1055,0,40,35,0
27,0,285432,7,12,4,13,1,2,1,0,0,40,35,0
61,2,347089,11,9,2,2,0,4,1,0,0,16,35,0
61,2,195595,5,4,3,6,1,4,1,0,0,40,12,0
56,2,122390,8,11,2,11,0,4,1,15024,0,40,35,1
68,2,103161,11,9,6,2,1,4,1,0,0,32,35,0
44,2,351262,15,10,2,2,0,2,1,0,0,38,35,1
49,2,95636,0,6,0,2,1,4,1,0,0,40,35,0
59,2,99131,11,9,6,9,1,4,0,0,0,18,35,0
36,2,83471,11,9,6,7,4,1,0,0,0,20,35,0
47,3,207540,5,4,2,2,0,4,1,0,0,40,35,0
17,2,130125,0,6,4,7,3,0,0,1055,0,20,35,0
32,4,410615,11,9,2,13,0,4,1,0,1887,60,35,1
20,2,244689,15,10,4,2,1,4,0,0,0,25,35,0
42,2,49255,12,14,2,9,0,4,1,4386,0,40,35,1
43,5,260960,9,13,2,9,0,4,1,0,0,50,35,0
65,3,103824,12,14,2,3,0,4,1,0,0,40,35,1
72,4,473748,11,9,2,11,0,4,1,0,0,30,35,0
84,2,157778,15,10,6,2,1,4,0,0,0,6,35,0
40,2,254478,15,10,2,2,0,4,1,7298,0,50,35,1
40,5,59460,15,10,0,0,4,4,0,0,0,38,35,0
66,4,37170,11,9,2,0,0,4,1,0,0,42,35,1
55,4,145574,11,9,0,3,1,4,1,34095,0,60,35,0
73,4,228899,5,4,4,0,1,4,0,0,0,99,35,0
33,2,255004,15,10,4,11,1,4,1,0,0,50,35,0
71,4,172046,5,4,2,4,0,4,1,0,0,50,35,0
57,2,169071,11,9,0,11,4,4,0,0,0,28,35,0
49,2,547108,9,13,2,12,0,1,1,15024,0,40,35,1
81,2,364099,15,10,0,0,1,4,0,0,0,20,35,0
48,5,106377,10,16,2,9,0,4,1,0,0,65,35,1
83,3,153183,9,13,2,3,0,4,1,0,2392,55,35,1
41,2,144144,11,9,4,5,4,2,0,0,0,30,35,0
23,2,273049,5,4,2,4,0,4,1,0,0,20,35,0
25,2,264055,9,13,4,0,3,4,1,0,0,40,35,0
80,2,91901,11,9,2,2,0,4,1,0,0,25,35,0
30,2,219110,11,9,2,2,0,4,1,0,0,46,35,0
32,2,123964,15,10,2,11,0,4,1,4386,0,50,35,0
32,2,79586,9,13,2,9,0,1,1,0,0,40,17,0
50,2,120914,1,7,2,2,0,4,1,0,0,40,35,0
42,4,170649,15,10,2,4,0,4,1,0,0,60,35,0
17,2,108402,0,6,4,11,3,4,0,0,0,20,35,0
83,3,153183,9,13,2,3,0,4,1,0,2392,55,35,1
40,1,183765,7,12,4,9,1,4,1,0,0,40,35,1
48,2,50880,15,10,2,2,0,4,1,0,0,40,10,0
52,2,117700,11,9,0,0,1,4,0,0,0,40,35,0
52,2,155983,9,13,2,3,0,4,1,0,0,40,35,1
25,3,160261,9,13,4,3,3,1,1,0,0,35,32,0
47,2,316101,11,9,0,0,1,4,0,0,0,40,35,0
56,2,122390,8,11,2,11,0,4,1,15024,0,40,35,1
83,3,153183,9,13,2,3,0,4,1,0,2392,55,35,1
33,2,177727,11,9,2,11,0,4,1,0,0,40,35,1
24,2,421474,9,13,2,11,0,4,1,0,0,40,35,0
26,2,247025,11,9,2,13,0,4,1,0,0,65,35,0
83,3,153183,9,13,2,3,0,4,1,0,2392,55,35,1
84,2,157778,15,10,6,2,1,4,0,0,0,6,35,0
81,2,364099,15,10,0,0,1,4,0,0,0,20,35,0
27,2,106276,11,9,4,0,3,4,0,0,0,40,35,0
48,3,200471,9,13,2,3,0,4,1,0,0,40,35,1
60,2,31577,11,9,2,13,0,4,1,0,0,60,35,1
70,4,143833,15,10,2,3,0,4,1,0,2246,40,35,1
60,2,427248,11,9,0,0,1,4,0,0,0,40,35,0
53,2,110747,11,9,2,2,0,4,1,0,0,40,35,0
54,3,96460,11,9,2,3,0,4,1,7688,0,60,35,1
30,1,226443,12,14,2,9,0,4,1,0,1887,45,35,1
39,3,128715,11,9,2,3,0,4,1,0,0,45,35,1
74,4,45319,2,8,2,7,0,4,1,1409,0,20,1,0
64,1,50442,6,5,4,0,2,4,1,0,0,40,35,0
73,2,88594,11,9,0,3,1,4,0,0,0,35,35,0
71,2,228806,6,5,0,8,1,2,0,0,0,6,35,0
34,2,193285,11,9,2,5,0,4,1,0,0,40,35,0
37,2,138441,11,9,0,13,1,4,1,0,0,40,35,0
55,2,136819,9,13,2,2,0,4,1,0,0,40,35,0
66,2,177351,9,13,2,2,0,4,1,0,2174,40,35,1
71,4,172046,5,4,2,4,0,4,1,0,0,50,35,0
73,2,88594,11,9,0,3,1,4,0,0,0,35,35,0
28,2,184831,15,10,4,2,4,4,1,0,0,40,35,0
57,5,283635,15,10,0,2,1,4,0,0,0,40,35,0
20,2,217421,11,9,2,0,2,4,0,0,0,40,35,0
67,2,40021,10,16,2,2,0,4,1,0,0,40,35,0
21,2,225724,15,10,4,0,3,4,0,0,0,20,35,0
18,2,36275,11,9,4,2,3,4,1,0,0,25,35,0
44,2,139338,2,8,0,13,4,2,1,0,0,40,35,0
18,2,78181,11,9,4,2,3,4,0,0,0,20,35,0
34,2,140011,11,9,4,2,3,4,1,0,0,45,35,0
79,1,84616,1,7,2,3,0,4,1,0,0,7,35,0
41,2,323790,11,9,0,5,4,4,1,0,0,55,35,0
27,0,285432,7,12,4,13,1,2,1,0,0,40,35,0
71,2,77253,11,9,4,5,1,4,1,0,0,17,35,0
82,4,240491,11,9,2,2,0,4,1,0,0,40,4,0
18,4,213024,15,10,4,4,3,4,1,0,0,30,35,0
77,2,185426,11,9,2,2,0,4,1,0,0,15,35,0
50,2,200046,12,14,2,3,0,4,1,0,0,50,35,1
40,2,104196,11,9,5,2,3,4,1,0,0,45,35,0
42,2,27661,7,12,2,3,0,4,1,7298,0,50,35,1
17,2,72321,1,7,4,7,2,4,0,0,0,12,35,0
23,2,182342,11,9,4,2,1,4,1,0,0,40,35,0
28,2,187981,11,9,2,6,0,4,1,0,0,40,35,0
19,2,216413,15,10,4,7,3,4,0,0,0,20,35,0
63,2,68954,11,9,6,2,1,2,0,0,0,11,35,0
54,0,21698,9,13,0,3,4,4,0,0,0,40,35,0
59,2,258579,15,10,2,13,0,4,1,3103,0,35,35,1
44,2,54310,12,14,2,9,0,4,1,7298,0,40,35,1
26,2,291968,9,13,4,9,1,4,1,0,0,40,35,0
18,2,236090,11,9,4,2,3,4,0,0,0,40,35,0
38,0,236648,11,9,2,2,0,4,1,0,0,40,35,0
21,2,138580,2,8,4,6,1,2,0,0,0,40,35,0
34,2,177437,15,10,2,2,0,4,1,15024,0,45,35,1
55,4,193374,11,9,0,2,1,4,1,0,0,40,35,0
72,2,107814,12,14,4,9,1,4,1,2329,0,60,35,0
45,1,251786,11,9,4,0,1,4,0,0,0,37,35,0
39,2,89508,9,13,2,11,0,4,1,0,0,40,35,0
31,2,651396,11,9,4,11,3,4,0,0,1594,30,35,0
62,4,168682,5,4,2,11,0,4,1,0,0,5,35,0
67,2,160456,1,7,6,7,1,4,0,0,0,40,35,0
30,2,251120,7,12,4,11,1,4,1,0,0,40,8,0
74,2,99183,15,10,0,0,1,4,0,0,0,9,35,0
55,1,177163,12,14,6,9,4,4,0,914,0,50,35,0
46,4,154083,12,14,4,3,1,4,1,0,0,25,35,0
57,2,153918,11,9,2,13,0,4,1,0,0,40,35,0
46,4,154083,12,14,4,3,1,4,1,0,0,25,35,0
70,2,221603,15,10,6,11,1,4,0,0,0,34,35,0
75,2,95985,4,3,6,7,4,2,1,0,0,10,35,0
34,2,118710,11,9,4,5,1,4,1,0,0,40,35,0
64,2,181232,1,7,2,2,0,4,1,0,2179,40,35,0
33,0,198827,11,9,4,2,3,4,1,0,0,40,35,0
36,2,279615,9,13,0,11,3,4,0,0,0,40,35,0
22,2,214731,0,6,2,6,5,4,0,0,0,40,35,0
40,2,382499,11,9,0,0,4,4,0,0,0,50,35,0
64,4,136405,11,9,6,4,1,4,1,0,0,32,35,0
37,2,148581,11,9,2,13,0,4,1,0,0,50,35,1
71,2,77253,11,9,4,5,1,4,1,0,0,17,35,0
60,2,71683,6,5,2,6,0,4,1,0,0,49,35,0
52,2,91506,11,9,2,5,0,4,1,0,0,45,35,0
46,2,208067,11,9,0,2,2,4,1,0,0,40,35,0
39,2,531055,11,9,2,2,0,4,1,0,0,40,35,1
47,4,182752,11,9,2,0,5,4,0,0,0,35,18,0
48,4,138069,4,3,2,2,0,4,1,0,2042,50,35,0
41,3,299813,6,5,2,11,5,4,0,0,0,70,5,0
60,2,36077,5,4,3,6,1,4,1,0,0,40,35,0
65,4,111916,14,15,2,3,0,4,1,0,0,10,35,1
19,2,355313,11,9,4,6,1,4,0,0,0,40,35,0
51,3,189183,9,13,2,3,0,4,1,0,0,40,35,0
62,2,139391,15,10,2,2,0,4,1,0,0,24,35,0
52,2,321959,15,10,2,12,0,2,1,0,0,40,35,1
67,2,102693,11,9,6,2,1,4,1,1086,0,35,35,0
24,2,33016,15,10,4,2,3,4,1,0,0,40,35,0
49,2,547108,9,13,2,12,0,1,1,15024,0,40,35,1
32,5,92003,9,13,2,3,5,4,0,0,0,40,35,1
54,1,113649,15,10,2,3,0,4,1,0,0,40,35,0
70,2,236055,5,4,6,7,1,4,0,0,0,35,35,0
33,2,170651,11,9,4,7,3,4,0,1055,0,40,35,0
20,2,204596,2,8,4,0,3,4,0,0,0,20,35,0
75,2,95985,4,3,6,7,4,2,1,0,0,10,35,0
18,2,220168,15,10,4,2,3,4,1,0,0,16,35,0
65,4,111916,14,15,2,3,0,4,1,0,0,10,35,1
28,2,110145,6,5,2,6,0,4,1,0,0,40,35,0
64,4,352712,8,11,2,4,0,4,1,0,0,55,35,0
46,2,189762,7,12,4,12,1,4,1,0,0,56,35,0
68,4,195881,11,9,2,4,0,4,1,2414,0,40,35,0
45,2,255014,15,10,2,2,0,4,1,0,0,55,35,1
43,2,139277,11,9,6,2,4,4,0,0,0,40,20,0
24,0,290625,15,10,4,0,1,2,0,0,0,41,35,0
38,2,187046,1,7,2,2,0,4,1,0,0,45,35,0
48,4,179337,11,9,2,2,0,4,1,0,0,60,8,0
31,2,178506,15,10,4,0,4,2,0,0,0,40,35,0
45,4,210364,11,9,2,11,0,4,1,15024,0,80,35,1
71,2,228806,6,5,0,8,1,2,0,0,0,6,35,0
82,4,240491,11,9,2,2,0,4,1,0,0,40,4,0
46,2,206889,9,13,6,0,1,4,0,0,0,25,35,0
60,2,36077,5,4,3,6,1,4,1,0,0,40,35,0
30,2,272669,15,10,4,12,1,1,1,0,0,40,35,0
26,4,192652,15,10,4,3,4,4,1,0,0,15,35,0
41,2,67065,8,11,2,11,0,4,1,0,0,40,35,0
23,2,65225,15,10,4,7,3,4,0,0,0,15,35,0
24,2,177526,8,11,4,2,3,4,1,0,0,40,35,0
26,2,86872,11,9,2,13,0,4,1,0,0,40,35,1
52,2,91506,11,9,2,5,0,4,1,0,0,45,35,0
39,2,370795,11,9,4,0,4,2,0,0,0,40,35,0
60,2,141221,9,13,2,2,0,1,1,0,2163,25,31,0
69,2,185691,1,7,2,0,0,4,1,0,0,20,35,0
58,2,126104,12,14,0,0,1,4,0,0,1980,45,35,0
69,4,187332,14,15,2,9,0,4,1,20051,0,45,35,1
54,1,287831,15,10,2,0,5,2,0,0,0,55,35,1
22,2,202153,15,10,4,7,3,4,0,0,0,40,35,0
31,2,240283,9,13,2,0,5,4,0,0,0,40,35,1
60,4,127805,5,4,2,13,0,4,1,0,0,40,35,1
23,2,200677,0,6,4,6,1,4,0,0,0,40,35,0
83,3,153183,9,13,2,3,0,4,1,0,2392,55,35,1
72,2,107814,12,14,4,9,1,4,1,2329,0,60,35,0
36,2,170376,11,9,2,2,0,4,1,0,0,45,35,1
60,2,202226,15,10,0,2,3,4,1,0,0,44,35,1
70,2,236055,5,4,6,7,1,4,0,0,0,35,35,0
56,0,156229,9,13,2,3,0,4,1,7688,0,40,35,1
43,1,212490,8,11,0,0,1,2,0,0,0,40,35,0
65,2,266081,11,9,2,2,0,4,1,0,0,40,35,0
68,2,176468,11,9,0,8,4,2,0,0,0,24,35,0
73,2,88594,11,9,0,3,1,4,0,0,0,35,35,0
60,2,36077,5,4,3,6,1,4,1,0,0,40,35,0
70,2,236055,5,4,6,7,1,4,0,0,0,35,35,0
81,2,364099,15,10,0,0,1,4,0,0,0,20,35,0
52,2,61735,1,7,2,7,0,4,1,0,0,40,35,0
19,2,291181,6,5,4,7,3,4,0,0,0,50,24,0
65,1,200764,11,9,0,0,1,4,0,0,0,16,35,1
19,2,425447,11,9,4,2,4,2,0,0,0,40,35,0
35,2,189922,11,9,2,2,0,4,1,0,0,40,35,0
29,2,663394,11,9,2,4,0,2,1,0,0,40,35,0
65,2,94809,11,9,6,2,1,4,0,0,0,40,35,0
83,3,153183,9,13,2,3,0,4,1,0,2392,55,35,1
57,2,317969,11,9,2,3,0,4,1,0,0,50,35,0
30,2,172403,11,9,0,2,1,4,1,0,0,30,35,0
41,2,110562,9,13,2,3,0,4,1,0,0,40,35,0
44,2,203761,15,10,2,3,0,4,1,0,0,45,35,1
57,2,167864,8,11,6,9,1,4,0,0,0,40,35,0
65,1,200764,11,9,0,0,1,4,0,0,0,16,35,1
77,2,185426,11,9,2,2,0,4,1,0,0,15,35,0
74,2,209454,4,3,2,13,0,2,1,0,0,40,35,0
51,2,427781,11,9,2,13,0,2,1,0,0,40,35,0
68,2,339168,9,13,2,13,0,4,1,0,0,30,35,0
49,1,192349,12,14,4,9,1,4,0,4650,0,40,35,0
59,2,169639,7,12,6,3,4,4,0,0,0,40,35,0
24,2,408585,5,4,2,4,3,4,0,0,0,45,24,0
33,5,292317,6,5,2,4,0,4,1,0,0,40,35,0
53,2,149220,12,14,2,11,0,4,1,0,0,40,35,0
83,3,153183,9,13,2,3,0,4,1,0,2392,55,35,1
46,2,102569,12,14,2,3,0,4,1,15024,0,65,35,1
21,2,518530,15,10,4,0,3,4,0,0,0,40,35,0
57,2,167864,8,11,6,9,1,4,0,0,0,40,35,0
56,0,255386,15,10,2,0,0,1,1,0,0,40,23,0
75,2,248833,11,9,1,2,5,4,0,2653,0,14,35,0
74,2,209454,4,3,2,13,0,2,1,0,0,40,35,0
57,5,283635,15,10,0,2,1,4,0,0,0,40,35,0
18,2,170094,11,9,4,5,3,4,0,0,0,20,35,0
48,1,407495,7,12,2,10,0,4,1,0,0,56,35,1
63,2,310396,6,5,2,2,0,4,1,5178,0,40,35,1
33,1,256529,11,9,5,7,3,4,0,0,0,80,35,0
79,1,84616,1,7,2,3,0,4,1,0,0,7,35,0
24,2,193416,7,12,4,7,3,4,0,0,0,3,35,0
67,2,160456,1,7,6,7,1,4,0,0,0,40,35,0
34,1,362775,0,6,2,7,5,0,0,0,0,30,35,0
54,4,118365,0,6,0,7,1,2,0,0,0,10,35,0
70,4,143833,15,10,2,3,0,4,1,0,2246,40,35,1
56,4,190091,8,11,3,11,1,4,1,0,0,46,35,0
66,2,151793,5,4,6,7,1,2,0,0,0,10,35,0
56,2,261232,11,9,4,2,1,4,1,0,0,40,35,0
45,2,175600,12,14,2,3,0,4,1,0,0,60,35,0
71,2,228806,6,5,0,8,1,2,0,0,0,6,35,0
31,2,326862,15,10,0,2,3,2,1,0,0,40,35,0
70,2,236055,5,4,6,7,1,4,0,0,0,35,35,0
71,4,172046,5,4,2,4,0,4,1,0,0,50,35,0
31,2,381153,0,6,2,12,0,4,1,0,0,40,35,1
39,2,195253,11,9,2,6,0,4,1,0,0,40,35,1
26,2,339324,11,9,2,6,0,4,1,0,0,96,35,0
40,0,298635,12,14,2,12,0,1,1,0,1902,40,26,1
57,2,154368,9,13,2,3,0,4,1,0,0,50,35,1
56,0,156229,9,13,2,3,0,4,1,7688,0,40,35,1
77,4,34761,5,4,2,4,0,4,1,0,0,40,35,0
29,2,184224,11,9,4,13,3,4,1,0,0,40,35,0
23,2,306601,9,13,4,2,1,0,1,0,0,40,24,0
75,2,248833,11,9,1,2,5,4,0,2653,0,14,35,0
75,2,95985,4,3,6,7,4,2,1,0,0,10,35,0
32,2,213750,8,11,4,7,1,4,1,0,0,45,35,0
55,2,236731,3,2,4,7,1,4,1,0,0,40,5,0
74,4,45319,2,8,2,7,0,4,1,1409,0,20,1,0
72,2,225780,10,16,4,9,1,4,1,0,0,30,35,0
69,2,168139,11,9,2,11,5,4,0,0,0,40,35,0
43,2,184099,7,12,2,13,0,4,1,0,0,40,35,0
52,5,334273,7,12,2,11,0,4,1,0,0,40,35,1
81,2,364099,15,10,0,0,1,4,0,0,0,20,35,0
59,2,556688,6,5,0,2,1,4,0,0,0,12,35,0
52,2,89054,11,9,2,2,0,4,1,0,0,40,35,0
70,2,221603,15,10,6,11,1,4,0,0,0,34,35,0
21,2,363192,8,11,4,7,3,4,0,0,0,40,35,0
17,2,452406,1,7,4,11,3,2,0,0,0,15,35,0
37,2,112554,11,9,2,11,0,4,1,0,0,45,35,0
65,2,123965,9,13,6,7,1,4,0,0,0,40,35,0
49,4,121238,15,10,4,2,4,4,1,0,0,40,35,0
22,2,125010,9,13,4,0,1,4,0,0,0,20,35,0
22,2,218215,15,10,4,0,3,4,0,0,0,35,35,0
35,2,225330,9,13,4,0,1,4,0,0,0,40,35,0
18,2,184101,15,10,4,2,3,4,1,0,0,25,35,0
58,1,489085,9,13,2,9,0,2,1,0,0,40,35,0
81,2,364099,15,10,0,0,1,4,0,0,0,20,35,0
38,2,328301,15,10,4,11,4,4,0,0,0,40,35,0
77,2,185426,11,9,2,2,0,4,1,0,0,15,35,0
51,2,144522,11,9,2,2,0,4,1,0,0,40,7,0
70,2,221603,15,10,6,11,1,4,0,0,0,34,35,0
32,2,250853,8,11,0,0,1,4,1,0,0,40,35,0
26,2,212798,9,13,4,3,1,4,0,0,0,45,35,0
33,2,34572,11,9,2,11,0,4,1,0,0,40,35,0
61,0,95680,7,12,2,3,0,1,1,3103,0,40,35,1
30,2,267281,9,13,4,9,1,4,1,0,0,50,35,0
83,3,153183,9,13,2,3,0,4,1,0,2392,55,35,1
41,4,190290,11,9,0,2,1,4,1,0,0,40,35,0
69,2,473040,4,3,0,2,1,4,1,0,0,40,35,0
69,5,170458,11,9,2,7,0,4,1,0,0,20,35,0
84,2,157778,15,10,6,2,1,4,0,0,0,6,35,0
39,0,129573,9,13,4,0,1,4,1,0,1741,40,35,0
39,2,184659,11,9,2,6,0,4,1,0,0,40,35,0
64,1,50442,6,5,4,0,2,4,1,0,0,40,35,0
80,2,91901,11,9,2,2,0,4,1,0,0,25,35,0
17,2,221797,2,8,4,0,3,4,0,594,0,20,35,0
22,2,227994,15,10,3,0,3,1,0,0,0,39,35,0
51,2,22743,11,9,4,2,3,4,1,0,0,50,35,0
42,2,167678,1,7,2,2,0,4,1,0,0,22,6,0
36,4,260454,11,9,2,2,0,4,1,0,0,30,35,0
55,2,125147,11,9,2,3,0,4,1,0,0,45,35,1
58,2,104613,7,12,2,3,0,4,1,0,0,50,35,1
48,2,158924,11,9,2,0,5,4,0,0,0,40,35,1
32,2,131379,11,9,4,7,3,4,0,0,0,40,35,0
40,2,143069,11,9,2,6,0,4,1,0,0,40,35,0
60,2,200235,8,11,0,9,4,4,0,0,0,40,35,0
61,2,149620,15,10,0,7,1,2,1,0,0,40,35,0
32,2,158438,11,9,0,13,3,4,1,0,0,40,35,0
69,5,170458,11,9,2,7,0,4,1,0,0,20,35,0
57,2,78020,11,9,2,2,0,4,1,0,0,40,35,1
19,5,149528,15,10,4,4,3,4,1,0,0,12,35,0
28,1,407672,9,13,4,9,1,4,0,0,0,40,35,0
18,2,116167,11,9,4,7,3,4,0,0,0,16,35,0
32,5,479179,1,7,4,10,3,4,1,0,0,40,35,0
22,2,54560,11,9,2,13,0,4,1,0,0,60,35,0
60,4,95490,11,9,2,11,0,4,1,0,0,45,35,0
72,2,289930,9,13,5,2,1,4,0,991,0,7,35,0
46,3,168211,11,9,2,3,0,4,1,0,0,75,35,1
25,2,216583,9,13,2,3,0,4,1,0,0,43,35,0
46,2,56482,15,10,4,3,1,2,1,0,0,40,35,0
67,2,350525,15,10,2,2,0,4,1,0,0,15,35,1
31,5,152109,8,11,0,10,1,4,1,0,0,40,35,0
83,3,153183,9,13,2,3,0,4,1,0,2392,55,35,1
63,3,110610,0,6,2,4,0,4,1,0,0,50,35,0
39,4,134475,9,13,0,0,1,4,1,0,1762,40,35,0
21,2,472861,1,7,4,5,3,2,1,0,0,40,35,0
67,2,219687,15,10,6,11,1,4,1,0,0,18,35,0
62,0,52765,6,5,0,7,4,4,0,0,0,40,35,0
26,5,68346,12,14,4,9,1,4,1,0,0,10,35,0
27,2,263552,11,9,4,0,1,4,1,0,0,50,35,0
37,2,215503,11,9,2,3,0,4,1,4386,0,45,35,1
68,2,217424,11,9,2,10,0,4,1,0,0,24,35,0
58,1,215245,9,13,4,9,1,4,0,0,0,37,35,0
33,2,213179,15,10,2,6,0,4,1,0,0,40,35,1
49,4,39140,11,9,2,4,0,4,1,0,0,60,35,0
44,2,144067,9,13,0,0,1,4,1,0,0,12,35,0
66,4,37170,11,9,2,0,0,4,1,0,0,42,35,1
32,4,220148,11,9,2,3,0,4,1,0,0,40,35,0
52,2,231865,11,9,2,0,0,4,1,0,0,46,35,0
81,2,55314,9,13,2,0,0,4,1,0,0,4,35,1
41,3,160120,10,16,2,11,0,1,1,0,0,40,32,1
82,4,240491,11,9,2,2,0,4,1,0,0,40,4,0
50,2,155434,11,9,2,5,0,4,1,0,0,40,35,1
56,2,95763,0,6,0,2,1,4,1,0,0,45,35,0
61,2,80896,12,14,2,9,0,1,1,0,0,45,17,1
83,3,153183,9,13,2,3,0,4,1,0,2392,55,35,1
82,4,240491,11,9,2,2,0,4,1,0,0,40,4,0
65,2,266081,11,9,2,2,0,4,1,0,0,40,35,0
45,5,190406,14,15,0,9,4,2,1,25236,0,36,35,1
27,2,262723,15,10,4,6,4,2,1,0,0,40,35,0
23,2,138768,9,13,4,2,3,4,1,2907,0,40,35,0
79,1,84616,1,7,2,3,0,4,1,0,0,7,35,0
51,3,100029,10,16,2,9,0,4,1,15024,0,40,35,1
66,2,298834,15,10,2,10,0,4,1,0,0,40,1,0
64,0,341695,15,10,2,0,5,4,0,0,0,40,35,1
81,2,364099,15,10,0,0,1,4,0,0,0,20,35,0
33,1,83671,9,13,4,9,1,2,0,0,0,50,35,0
73,4,228899,5,4,4,0,1,4,0,0,0,99,35,0
39,1,203482,12,14,2,9,0,4,1,7298,0,40,35,1
75,2,248833,11,9,1,2,5,4,0,2653,0,14,35,0
64,0,341695,15,10,2,0,5,4,0,0,0,40,35,1
72,2,289930,9,13,5,2,1,4,0,991,0,7,35,0
68,2,217424,11,9,2,10,0,4,1,0,0,24,35,0
51,0,72436,11,9,2,3,0,4,1,0,0,57,35,1
43,1,196308,11,9,0,3,4,0,0,0,0,40,35,0
28,2,715938,9,13,4,2,3,2,1,0,0,40,35,0
52,2,23780,8,11,2,3,0,4,1,0,1977,45,35,1
39,2,224541,6,5,2,2,0,4,1,4386,0,55,24,0
54,2,176240,12,14,2,13,0,4,1,7688,0,60,35,1
36,2,192704,2,8,4,3,1,4,1,4650,0,50,35,0
41,2,175674,15,10,2,11,0,4,1,0,0,40,35,1
62,2,139391,15,10,2,2,0,4,1,0,0,24,35,0
21,2,449101,11,9,4,3,1,4,0,0,0,40,35,0
80,2,91901,11,9,2,2,0,4,1,0,0,25,35,0
46,2,151325,0,6,2,2,0,4,1,0,0,40,35,0
23,2,107190,15,10,4,0,3,2,1,0,0,20,35,0
71,2,77253,11,9,4,5,1,4,1,0,0,17,35,0
27,2,194590,7,12,2,0,5,2,0,0,0,25,35,0
21,2,321369,0,6,4,2,3,4,1,0,0,40,35,0
17,2,256496,0,6,4,2,3,4,1,0,0,35,35,0
31,2,213771,11,9,6,2,4,4,0,0,0,36,35,0
21,2,197387,11,9,4,5,3,4,1,0,0,20,35,0
73,2,88594,11,9,0,3,1,4,0,0,0,35,35,0
20,2,216436,9,13,4,11,2,2,0,0,0,30,35,0
80,2,91901,11,9,2,2,0,4,1,0,0,25,35,0
41,2,223934,7,12,0,0,4,4,0,0,0,38,35,0
68,3,140852,11,9,2,11,0,4,1,0,0,40,35,0
46,2,32825,11,9,2,13,0,4,1,0,0,60,35,0
48,3,200471,9,13,2,3,0,4,1,0,0,40,35,1
71,2,228806,6,5,0,8,1,2,0,0,0,6,35,0
18,2,150817,11,9,4,11,3,4,0,0,0,20,35,0
45,2,379393,15,10,0,12,1,4,0,0,0,45,35,0
38,4,195686,11,9,5,3,4,4,1,0,0,25,35,0
51,2,144522,11,9,2,2,0,4,1,0,0,40,7,0
28,2,156300,12,14,4,3,1,2,0,0,0,45,35,0
51,2,74275,11,9,2,6,0,4,1,0,0,40,35,0
57,2,112840,12,14,2,9,0,4,1,0,0,55,35,1
62,4,168682,5,4,2,11,0,4,1,0,0,5,35,0
56,3,32316,2,8,6,3,1,4,0,0,0,40,35,0
77,2,185426,11,9,2,2,0,4,1,0,0,15,35,0
35,2,238802,11,9,4,7,3,4,1,0,0,20,35,0
29,2,360401,15,10,4,5,3,4,1,0,1719,48,35,0
20,2,190423,15,10,4,7,1,4,0,0,0,20,35,0
61,2,584259,12,14,2,2,0,4,1,0,0,2,35,1
83,3,153183,9,13,2,3,0,4,1,0,2392,55,35,1
80,2,91901,11,9,2,2,0,4,1,0,0,25,35,0
20,2,246635,15,10,4,11,3,4,0,2597,0,20,35,0
41,2,67065,8,11,2,11,0,4,1,0,0,40,35,0
46,2,288608,11,9,4,2,3,4,1,0,0,40,35,0
75,2,95985,4,3,6,7,4,2,1,0,0,10,35,0
54,2,139850,12,14,2,3,0,1,1,0,0,45,35,1
17,2,108402,0,6,4,11,3,4,0,0,0,20,35,0
69,2,185691,1,7,2,0,0,4,1,0,0,20,35,0
43,2,64631,11,9,2,3,0,4,1,15024,0,50,35,1
37,2,66304,6,5,2,10,0,4,1,0,0,16,35,0
38,2,166585,9,13,0,3,1,4,0,0,0,55,35,0
40,4,240698,11,9,2,2,0,4,1,0,0,60,35,0
35,3,186488,11,9,2,7,0,4,1,0,0,50,29,0
48,4,58683,15,10,2,11,0,4,1,0,0,70,35,1
51,2,263439,9,13,2,5,0,4,1,0,0,40,35,0
25,2,67467,11,9,2,12,0,4,1,0,0,40,35,0
25,2,161235,8,11,4,2,3,4,1,0,0,90,35,0
64,1,50442,6,5,4,0,2,4,1,0,0,40,35,0
17,2,452406,1,7,4,11,3,2,0,0,0,15,35,0
57,2,80149,9,13,2,3,0,4,1,0,1977,40,10,1
27,1,200492,9,13,4,9,3,4,0,0,0,40,35,0
59,2,99131,11,9,6,9,1,4,0,0,0,18,35,0
19,2,768659,15,10,4,2,1,4,1,0,0,60,35,0
30,2,427541,11,9,4,5,3,2,0,99999,0,40,35,1
31,2,442429,11,9,5,2,4,4,0,0,0,40,24,0
60,2,141221,9,13,2,2,0,1,1,0,2163,25,31,0
80,2,91901,11,9,2,2,0,4,1,0,0,25,35,0
62,2,211408,8,11,2,12,0,4,1,0,0,40,35,1
48,2,193047,12,14,2,3,0,4,1,0,0,60,35,1
43,2,152420,15,10,2,6,0,2,1,0,0,50,35,0
47,2,340982,15,10,2,6,0,1,1,3103,0,40,26,1
53,2,182186,6,5,2,7,0,4,1,0,0,40,5,0
67,2,350525,15,10,2,2,0,4,1,0,0,15,35,1
34,1,31391,11,9,2,10,0,4,1,0,0,53,35,1
79,1,84616,1,7,2,3,0,4,1,0,0,7,35,0
38,4,176657,15,10,5,11,1,1,1,0,0,60,22,0
41,3,299813,6,5,2,11,5,4,0,0,0,70,5,0
27,0,47907,9,13,4,0,1,4,0,0,0,40,35,0
35,1,216068,11,9,5,0,4,4,0,0,0,38,35,0
71,2,77253,11,9,4,5,1,4,1,0,0,17,35,0
71,2,228806,6,5,0,8,1,2,0,0,0,6,35,0
72,2,289930,9,13,5,2,1,4,0,991,0,7,35,0
38,2,35890,11,9,2,13,0,4,1,0,0,40,35,0
62,2,263374,8,11,2,2,0,4,1,0,0,40,1,0
46,4,95256,11,9,0,13,1,4,1,0,0,50,35,0
21,2,51985,11,9,4,2,1,4,1,0,0,40,35,0
57,2,167864,8,11,6,9,1,4,0,0,0,40,35,0
72,2,305145,9,13,6,2,1,4,1,0,0,4,35,0
70,2,236055,5,4,6,7,1,4,0,0,0,35,35,0
37,3,183800,7,12,2,11,0,4,1,0,1887,40,35,1
37,2,305379,9,13,2,3,0,4,1,0,0,50,35,1
69,2,177374,11,9,6,0,4,4,0,1848,0,12,35,0
46,3,125892,9,13,2,9,0,4,1,0,1977,60,35,1
21,4,318987,8,11,2,4,0,4,1,0,0,40,35,0
77,2,185426,11,9,2,2,0,4,1,0,0,15,35,0
80,2,91901,11,9,2,2,0,4,1,0,0,25,35,0
48,1,407495,7,12,2,10,0,4,1,0,0,56,35,1
20,2,177287,11,9,4,11,1,4,0,0,0,38,35,0
51,2,120914,0,6,4,4,3,4,1,0,0,40,35,0
22,2,124810,11,9,4,11,3,4,0,0,0,20,35,0
52,2,106176,9,13,0,0,4,4,1,0,3770,40,35,0
53,2,129301,15,10,2,11,0,4,1,0,0,45,35,1
43,2,341358,8,11,2,11,0,4,1,0,0,40,35,1
20,2,323009,11,9,4,0,4,4,0,0,0,40,10,0
60,2,132529,11,9,2,2,0,4,1,0,0,40,35,0
18,2,193741,1,7,4,7,2,2,1,0,0,30,35,0
26,2,167848,11,9,4,6,1,2,1,0,0,40,35,0
83,3,153183,9,13,2,3,0,4,1,0,2392,55,35,1
75,2,248833,11,9,1,2,5,4,0,2653,0,14,35,0
25,2,199947,11,9,2,0,5,4,0,0,0,40,35,0
70,2,236055,5,4,6,7,1,4,0,0,0,35,35,0
57,5,202765,11,9,2,2,0,4,1,0,0,40,35,0
42,2,247019,11,9,2,2,0,2,1,0,0,40,35,1
31,2,427474,1,7,2,7,0,4,1,0,2179,35,24,0
37,2,188377,11,9,4,6,1,2,1,0,0,40,35,0
36,2,266347,11,9,4,2,1,4,1,0,0,43,35,0
27,2,321456,15,10,2,10,0,4,1,0,0,40,35,0
54,2,141272,11,9,2,0,5,4,0,0,0,40,35,1
46,2,173243,15,10,2,12,0,4,1,5178,0,40,35,1
23,2,204641,0,6,4,5,4,4,1,0,0,50,35,0
81,2,364099,15,10,0,0,1,4,0,0,0,20,35,0
60,2,71683,6,5,2,6,0,4,1,0,0,49,35,0
38,3,184456,11,9,2,11,0,4,1,0,0,55,20,1
67,2,102693,11,9,6,2,1,4,1,1086,0,35,35,0
33,2,245211,9,13,4,9,3,4,1,0,0,40,35,0
45,1,167159,9,13,2,10,0,4,1,0,0,50,35,1
69,2,177374,11,9,6,0,4,4,0,1848,0,12,35,0
67,4,75140,11,9,2,4,0,4,1,0,0,25,35,0
35,2,81232,9,13,2,11,0,4,1,15024,0,50,35,1
51,2,263836,11,9,6,5,1,4,1,0,0,30,35,0
32,2,313835,12,14,2,9,0,4,1,0,0,40,35,1
26,2,136309,9,13,4,7,1,4,1,0,0,40,35,0
70,2,236055,5,4,6,7,1,4,0,0,0,35,35,0
83,3,153183,9,13,2,3,0,4,1,0,2392,55,35,1
48,2,355781,9,13,2,9,0,1,1,0,0,40,17,1
54,2,409173,11,9,2,12,0,2,1,0,0,50,29,1
41,2,243607,4,3,2,0,0,4,1,0,0,40,24,0
24,2,175778,9,13,4,3,1,4,0,0,0,40,35,0
63,2,137192,9,13,2,2,0,1,1,0,0,40,31,0
62,2,139391,15,10,2,2,0,4,1,0,0,24,35,0
26,4,163189,11,9,4,11,3,4,1,0,0,40,35,0
21,2,214387,15,10,4,11,2,4,1,0,0,64,35,0
52,2,155983,9,13,2,3,0,4,1,0,0,40,35,1
58,2,234213,11,9,0,2,1,4,1,14344,0,48,35,1
64,4,136405,11,9,6,4,1,4,1,0,0,32,35,0
50,2,135339,2,8,2,11,0,1,1,0,0,40,0,1
45,2,140644,11,9,2,11,0,4,1,0,0,50,35,1
22,2,227994,15,10,3,0,3,1,0,0,0,39,35,0
71,2,77253,11,9,4,5,1,4,1,0,0,17,35,0
35,2,63921,11,9,2,6,0,4,1,0,0,40,35,0
67,2,102693,11,9,6,2,1,4,1,1086,0,35,35,0
63,2,106648,11,9,2,2,0,4,1,0,0,25,35,0
73,4,228899,5,4,4,0,1,4,0,0,0,99,35,0
68,2,99849,11,9,6,6,1,4,0,0,0,28,35,0
54,2,183611,15,10,2,11,0,4,1,3137,0,50,35,0
48,1,407495,7,12,2,10,0,4,1,0,0,56,35,1
75,2,95985,4,3,6,7,4,2,1,0,0,10,35,0
48,2,105138,11,9,0,3,4,1,0,0,0,40,35,0
71,2,228806,6,5,0,8,1,2,0,0,0,6,35,0
18,2,120691,15,10,4,7,3,2,1,0,0,35,35,0
42,4,83953,15,10,2,4,0,4,1,0,0,70,35,0
74,4,45319,2,8,2,7,0,4,1,1409,0,20,1,0
45,3,36228,9,13,2,4,0,4,1,4386,0,35,35,1
65,3,103824,12,14,2,3,0,4,1,0,0,40,35,1
63,2,143098,11,9,2,11,0,4,1,4064,0,40,35,0
84,2,157778,15,10,6,2,1,4,0,0,0,6,35,0
38,2,204640,15,10,6,0,4,2,0,0,0,40,35,0
52,0,165050,11,9,4,0,1,4,1,0,0,48,35,1
34,1,31391,11,9,2,10,0,4,1,0,0,53,35,1
33,2,181824,11,9,2,11,5,4,0,0,0,20,35,0
63,3,110610,0,6,2,4,0,4,1,0,0,50,35,0
45,1,160173,12,14,2,3,0,4,1,7688,0,50,35,1
29,2,568490,11,9,2,2,0,4,1,0,0,40,35,0
57,2,143266,9,13,2,3,0,4,1,7298,0,60,35,1
44,2,33895,11,9,0,7,4,4,0,0,0,40,35,0
29,2,159768,11,9,4,6,1,4,1,3325,0,40,6,0
17,2,169037,1,7,4,5,3,4,1,0,0,40,35,0
58,1,34878,9,13,0,9,1,4,0,0,0,50,35,0
48,4,175622,8,11,2,2,0,4,1,0,0,40,35,1
24,2,190483,11,9,4,0,3,4,0,0,0,40,35,0
24,2,421474,9,13,2,11,0,4,1,0,0,40,35,0
49,2,176341,9,13,4,12,4,1,0,0,0,40,17,0
60,4,166153,15,10,2,11,0,4,1,0,0,50,35,0
79,1,84616,1,7,2,3,0,4,1,0,0,7,35,0
80,2,91901,11,9,2,2,0,4,1,0,0,25,35,0
64,2,144182,11,9,6,9,1,4,0,0,0,23,35,0
35,5,238591,15,10,5,13,1,2,1,0,0,40,35,0
69,2,473040,4,3,0,2,1,4,1,0,0,40,35,0
20,2,406641,11,9,4,0,1,4,0,0,0,30,35,0
25,2,632834,11,9,4,2,3,2,1,0,0,40,35,0
29,2,148550,11,9,2,2,0,4,1,0,0,40,35,0
23,2,117789,9,13,4,0,3,4,0,0,0,40,35,0
38,2,107303,11,9,2,2,0,4,1,0,0,40,35,0
49,2,222829,12,14,2,9,0,4,1,0,0,42,35,1
73,2,88594,11,9,0,3,1,4,0,0,0,35,35,0
44,0,192771,11,9,4,0,4,4,0,0,0,40,35,0
77,4,34761,5,4,2,4,0,4,1,0,0,40,35,0
45,4,33234,9,13,2,11,0,4,1,0,0,40,35,1
44,4,172479,11,9,2,4,0,4,1,15024,0,60,35,1
28,2,212068,9,13,4,11,1,4,1,0,1980,40,35,0
18,2,220168,15,10,4,2,3,4,1,0,0,16,35,0
60,2,36077,5,4,3,6,1,4,1,0,0,40,35,0
79,1,84616,1,7,2,3,0,4,1,0,0,7,35,0
69,5,170458,11,9,2,7,0,4,1,0,0,20,35,0
57,5,202765,11,9,2,2,0,4,1,0,0,40,35,0
80,2,91901,11,9,2,2,0,4,1,0,0,25,35,0
25,1,335005,9,13,4,9,1,4,1,0,0,35,20,0
56,2,235136,5,4,2,0,0,4,1,0,0,40,5,0
72,2,305145,9,13,6,2,1,4,1,0,0,4,35,0
82,4,240491,11,9,2,2,0,4,1,0,0,40,4,0
48,1,328610,12,14,2,9,0,4,1,0,0,50,35,1
33,1,217304,9,13,4,0,1,2,1,0,0,40,35,0
69,4,187332,14,15,2,9,0,4,1,20051,0,45,35,1
50,2,155434,11,9,2,5,0,4,1,0,0,40,35,1
22,2,340217,15,10,4,11,1,4,0,0,0,20,35,0
18,2,116167,11,9,4,7,3,4,0,0,0,16,35,0
39,2,113725,12,14,0,3,1,4,0,8614,0,40,35,1
56,1,435836,12,14,0,9,1,4,0,0,0,40,35,0
62,2,159474,11,9,2,6,0,4,1,0,0,50,35,0
35,2,106967,12,14,4,11,1,4,0,0,0,40,35,0
69,4,187332,14,15,2,9,0,4,1,20051,0,45,35,1
30,2,246439,15,10,0,0,4,4,1,0,0,40,35,0
84,2,157778,15,10,6,2,1,4,0,0,0,6,35,0
77,4,34761,5,4,2,4,0,4,1,0,0,40,35,0
35,2,111635,11,9,2,7,0,4,1,0,0,40,35,0
46,2,45363,14,15,0,9,1,4,1,0,2824,40,35,1
49,2,186256,15,10,2,0,0,4,1,0,0,40,35,0
44,5,46221,10,16,4,9,1,4,1,0,0,45,35,1
45,3,122206,7,12,2,3,0,4,1,0,0,50,35,1
63,2,205246,11,9,2,6,0,2,1,0,0,40,35,0
41,2,228847,15,10,2,11,0,4,1,0,0,40,35,1
25,2,237865,15,10,4,7,3,2,1,0,0,42,35,0
72,2,305145,9,13,6,2,1,4,1,0,0,4,35,0
18,2,183315,1,7,4,11,3,2,0,0,0,10,35,0
42,2,304605,15,10,2,2,0,4,1,0,0,40,35,0
25,2,521400,4,3,4,6,2,4,1,0,0,40,24,0
37,2,186191,11,9,2,7,0,4,1,0,0,45,35,0
80,2,91901,11,9,2,2,0,4,1,0,0,25,35,0
36,2,214807,11,9,0,7,4,4,0,0,0,40,35,0
75,2,95985,4,3,6,7,4,2,1,0,0,10,35,0
73,4,228899,5,4,4,0,1,4,0,0,0,99,35,0
17,2,256496,0,6,4,2,3,4,1,0,0,35,35,0
73,4,228899,5,4,4,0,1,4,0,0,0,99,35,0
37,2,255454,5,4,2,6,0,2,1,7298,0,35,13,1
79,1,84616,1,7,2,3,0,4,1,0,0,7,35,0
39,2,141584,15,10,2,12,0,4,1,0,0,50,35,0
38,2,65466,9,13,4,0,1,4,0,0,0,50,35,0
54,2,146834,11,9,0,13,1,4,1,0,0,45,35,0
27,2,180758,15,10,2,5,0,4,1,0,0,30,35,0
66,2,188842,9,13,2,2,0,4,1,0,0,24,35,0
65,1,200764,11,9,0,0,1,4,0,0,0,16,35,1
81,2,55314,9,13,2,0,0,4,1,0,0,4,35,1
71,4,172046,5,4,2,4,0,4,1,0,0,50,35,0
84,2,157778,15,10,6,2,1,4,0,0,0,6,35,0
20,2,155818,11,9,4,7,3,4,0,0,0,20,35,0
73,2,88594,11,9,0,3,1,4,0,0,0,35,35,0
49,2,107682,15,10,0,0,1,4,0,0,0,38,35,0
45,2,379393,15,10,0,12,1,4,0,0,0,45,35,0
21,2,314645,15,10,4,2,1,4,0,0,0,43,35,0
69,2,168139,11,9,2,11,5,4,0,0,0,40,35,0
81,2,55314,9,13,2,0,0,4,1,0,0,4,35,1
17,2,19752,1,7,4,7,3,2,0,0,0,25,35,0
75,2,95985,4,3,6,7,4,2,1,0,0,10,35,0
47,2,140664,9,13,0,11,1,4,1,0,0,45,35,0
70,4,143833,15,10,2,3,0,4,1,0,2246,40,35,1
51,2,120914,0,6,4,4,3,4,1,0,0,40,35,0
26,2,339324,11,9,2,6,0,4,1,0,0,96,35,0
43,4,421837,15,10,2,11,0,4,1,7298,0,50,24,1
26,2,49092,11,9,2,2,0,4,1,0,0,40,35,0
37,1,212005,8,11,2,3,0,4,1,0,0,40,35,1
72,2,107814,12,14,4,9,1,4,1,2329,0,60,35,0
58,2,150560,9,13,0,0,1,4,0,14084,0,40,35,1
58,2,175017,9,13,0,2,1,4,1,0,0,25,35,0
80,2,91901,11,9,2,2,0,4,1,0,0,25,35,0
35,1,190226,11,9,4,10,3,4,1,0,0,40,35,0
28,4,107236,2,8,2,2,1,4,1,0,0,40,35,0
79,1,84616,1,7,2,3,0,4,1,0,0,7,35,0
48,5,78529,12,14,5,9,1,4,1,0,0,60,35,0
75,2,95985,4,3,6,7,4,2,1,0,0,10,35,0
82,4,240491,11,9,2,2,0,4,1,0,0,40,4,0
29,2,59231,15,10,2,2,0,4,1,0,0,42,35,0
83,3,153183,9,13,2,3,0,4,1,0,2392,55,35,1
28,2,230743,7,12,0,0,1,4,0,0,0,40,35,0
65,2,350498,9,13,2,0,0,4,1,10605,0,20,35,1
18,2,150817,11,9,4,11,3,4,0,0,0,20,35,0
37,4,33975,9,13,5,13,1,4,1,0,0,50,35,0
46,2,171095,7,12,0,11,4,4,0,0,0,38,35,0
30,2,175690,15,10,4,0,4,2,0,0,0,40,35,0
55,4,193374,11,9,0,2,1,4,1,0,0,40,35,0
55,2,174662,11,9,2,13,0,4,1,0,0,32,35,0
79,1,84616,1,7,2,3,0,4,1,0,0,7,35,0
81,2,364099,15,10,0,0,1,4,0,0,0,20,35,0
21,2,234838,15,10,4,2,3,4,1,0,0,30,35,0
53,2,110747,11,9,2,2,0,4,1,0,0,40,35,0
37,2,343721,9,13,2,9,0,4,1,0,0,40,35,1
18,2,116167,11,9,4,7,3,4,0,0,0,16,35,0
32,2,328060,6,5,5,7,4,3,0,0,0,40,24,0
74,2,99183,15,10,0,0,1,4,0,0,0,9,35,0
80,2,91901,11,9,2,2,0,4,1,0,0,25,35,0
66,2,151793,5,4,6,7,1,2,0,0,0,10,35,0
64,2,477697,11,9,2,3,0,4,1,0,0,16,35,0
45,5,276157,9,13,2,9,0,4,1,0,0,40,35,1
56,4,403072,15,10,2,2,0,4,1,0,0,50,35,1
60,2,142494,15,10,2,3,0,4,1,15024,0,40,35,1
39,2,108140,8,11,2,2,0,4,1,0,0,40,35,0
45,3,363298,9,13,2,3,0,2,1,0,0,45,35,1
59,2,172618,15,10,0,11,1,4,1,0,0,56,35,0
22,5,214731,15,10,4,0,1,4,0,0,0,15,35,0
64,2,182979,11,9,2,6,0,4,1,0,0,40,35,0
45,2,144354,6,5,5,2,3,2,1,0,0,40,35,0
58,1,318537,2,8,2,4,0,4,1,0,0,40,35,0
31,2,345122,14,15,0,9,1,4,1,14084,0,50,35,1
40,2,34722,15,10,0,13,1,4,1,0,0,48,35,1
66,2,127921,11,9,4,13,1,4,1,2050,0,55,35,0
55,5,111130,7,12,0,0,3,1,1,0,0,40,35,0
55,2,216941,11,9,2,2,5,4,0,2885,0,40,35,0
57,2,211678,0,6,0,0,1,4,1,0,0,64,35,0
46,2,32825,11,9,2,13,0,4,1,0,0,60,35,0
29,2,351871,9,13,4,11,1,4,1,0,0,50,35,1
55,2,189933,15,10,2,13,0,4,1,0,0,84,35,0
23,2,203139,15,10,4,7,2,4,0,0,0,40,35,0
31,2,345122,14,15,0,9,1,4,1,14084,0,50,35,1
71,4,172046,5,4,2,4,0,4,1,0,0,50,35,0
42,2,121055,15,10,4,11,1,4,1,0,0,45,35,0
64,2,182979,11,9,2,6,0,4,1,0,0,40,35,0
23,2,248978,1,7,2,5,0,4,1,0,0,40,24,0
55,2,247552,15,10,2,11,0,4,1,0,0,56,35,0
73,4,228899,5,4,4,0,1,4,0,0,0,99,35,0
24,2,266971,9,13,4,11,1,4,0,0,0,40,35,0
30,2,111567,15,10,2,2,0,4,1,0,0,40,35,1
58,0,256466,12,14,2,12,0,1,1,7688,0,40,2,1
39,2,393480,11,9,5,5,1,2,1,0,0,40,35,0
50,1,164127,11,9,4,7,1,2,0,0,0,40,35,0
47,4,213745,15,10,0,7,4,4,0,0,0,45,35,0
80,2,91901,11,9,2,2,0,4,1,0,0,25,35,0
51,2,56915,11,9,2,2,0,0,1,0,0,40,35,0
26,2,264012,9,13,4,0,1,4,1,0,0,40,35,0
25,2,60726,11,9,2,13,0,2,1,0,0,30,35,0
69,2,168139,11,9,2,11,5,4,0,0,0,40,35,0
19,2,238144,15,10,0,0,1,4,0,0,0,20,35,0
36,2,182013,15,10,0,12,4,4,0,0,0,40,35,0
68,2,217424,11,9,2,10,0,4,1,0,0,24,35,0
55,2,236731,3,2,4,7,1,4,1,0,0,40,5,0
61,2,80896,12,14,2,9,0,1,1,0,0,45,17,1
17,2,452406,1,7,4,11,3,2,0,0,0,15,35,0
48,2,105138,11,9,0,3,4,1,0,0,0,40,35,0
59,2,424468,9,13,2,2,0,4,1,0,0,40,35,1
26,2,264012,9,13,4,0,1,4,1,0,0,40,35,0
65,2,176219,11,9,3,7,1,1,1,0,0,40,31,0
67,4,217892,10,16,2,9,0,4,1,10605,0,35,35,1
54,4,33863,11,9,2,4,0,4,1,0,0,60,35,1
62,4,168682,5,4,2,11,0,4,1,0,0,5,35,0
40,2,34722,15,10,0,13,1,4,1,0,0,48,35,1
72,2,53684,15,10,2,10,0,2,1,0,0,40,35,0
33,2,120420,1,7,2,6,0,4,1,0,0,40,35,0
30,2,123397,11,9,4,5,4,4,0,0,0,40,35,0
61,2,347089,11,9,2,2,0,4,1,0,0,16,35,0
43,3,84924,15,10,2,11,0,4,1,0,0,44,35,1
71,4,172046,5,4,2,4,0,4,1,0,0,50,35,0
64,2,285052,15,10,6,3,1,4,0,0,0,10,35,0
63,3,110610,0,6,2,4,0,4,1,0,0,50,35,0
47,2,213140,8,11,2,2,0,4,1,7688,0,40,35,1
42,2,144594,11,9,2,2,0,4,1,0,0,40,35,1
45,2,232586,15,10,2,2,0,4,1,0,0,50,35,1
67,4,75140,11,9,2,4,0,4,1,0,0,25,35,0
50,4,124793,15,10,2,2,0,4,1,0,0,55,35,0
31,2,101266,7,12,2,2,0,4,1,0,0,40,35,0
30,2,77634,11,9,2,3,0,4,1,0,0,40,35,0
67,2,102693,11,9,6,2,1,4,1,1086,0,35,35,0
62,0,34916,15,10,2,9,0,4,1,0,0,40,35,1
17,1,99568,0,6,4,9,3,4,0,0,0,10,35,0
72,2,53684,15,10,2,10,0,2,1,0,0,40,35,0
24,2,421474,9,13,2,11,0,4,1,0,0,40,35,0
72,2,53684,15,10,2,10,0,2,1,0,0,40,35,0
26,2,53833,11,9,4,7,4,4,1,0,0,40,35,0
83,3,153183,9,13,2,3,0,4,1,0,2392,55,35,1
34,2,121640,15,10,0,9,1,0,1,0,0,44,35,0
35,4,134498,15,10,4,3,3,4,1,0,0,45,35,1
17,2,28031,6,5,4,7,3,4,1,0,0,16,35,0
28,2,292536,15,10,4,13,1,4,1,0,0,50,35,0
47,2,188694,12,14,2,9,0,4,1,15024,0,45,35,1
39,2,141584,15,10,2,12,0,4,1,0,0,50,35,0
65,2,266081,11,9,2,2,0,4,1,0,0,40,35,0
66,2,115498,9,13,2,3,0,4,1,99999,0,55,35,1
69,2,168139,11,9,2,11,5,4,0,0,0,40,35,0
49,2,181717,8,11,5,9,3,4,0,0,0,36,35,0
44,1,143104,15,10,2,3,5,4,0,0,0,38,35,1
20,2,188923,15,10,4,7,3,4,0,0,0,37,35,0
24,2,194848,9,13,4,12,3,4,1,0,0,40,35,0
19,2,219742,15,10,4,7,3,4,0,0,0,15,35,0
65,2,190454,1,7,2,2,0,4,1,0,0,29,35,0
50,2,135339,2,8,2,11,0,1,1,0,0,40,0,1
53,2,202720,6,5,3,6,4,2,1,0,0,75,13,0
51,2,215404,9,13,2,9,0,0,1,15024,0,40,35,1
40,2,193537,15,10,2,0,5,4,0,0,0,40,5,0
27,4,153805,15,10,2,13,2,3,1,0,0,50,6,1
57,2,24384,5,4,6,7,1,4,0,0,0,10,35,0
24,2,33016,15,10,4,2,3,4,1,0,0,40,35,0
48,5,77102,10,16,2,9,0,4,1,0,0,45,35,1
39,2,49020,12,14,4,3,1,4,1,0,1974,40,35,0
71,2,228806,6,5,0,8,1,2,0,0,0,6,35,0
39,2,370795,11,9,4,0,4,2,0,0,0,40,35,0
53,2,202720,6,5,3,6,4,2,1,0,0,75,13,0
21,2,177940,11,9,3,6,1,4,0,0,0,40,35,0
61,2,80896,12,14,2,9,0,1,1,0,0,45,17,1
51,2,427781,11,9,2,13,0,2,1,0,0,40,35,0
24,2,152540,9,13,0,13,4,4,0,0,0,40,35,0
28,0,72514,15,10,4,0,1,2,0,0,0,72,35,0
22,1,289982,9,13,4,9,3,4,0,0,0,35,35,0
84,2,157778,15,10,6,2,1,4,0,0,0,6,35,0
56,4,179594,11,9,2,3,0,4,1,0,0,48,35,0
34,5,216283,9,13,2,9,5,4,0,0,0,45,35,1
25,2,80312,8,11,4,0,1,4,0,4865,0,40,35,0
64,1,50442,6,5,4,0,2,4,1,0,0,40,35,0
24,2,236769,7,12,4,3,3,4,1,0,0,40,35,0
81,2,55314,9,13,2,0,0,4,1,0,0,4,35,1
26,2,476558,5,4,4,2,1,4,1,0,0,40,24,0
40,2,137421,11,9,2,13,0,1,1,0,0,60,34,0
69,4,187332,14,15,2,9,0,4,1,20051,0,45,35,1
69,2,177374,11,9,6,0,4,4,0,1848,0,12,35,0
48,2,50880,15,10,2,2,0,4,1,0,0,40,10,0
58,2,170108,12,14,2,3,0,4,1,0,0,40,35,1
57,2,169071,11,9,0,11,4,4,0,0,0,28,35,0
41,2,165815,15,10,2,3,0,4,1,0,0,60,35,0
64,0,341695,15,10,2,0,5,4,0,0,0,40,35,1
25,2,335522,6,5,4,5,1,4,1,0,0,40,24,0
35,2,54363,7,12,2,3,0,4,1,0,0,50,35,1
68,2,339168,9,13,2,13,0,4,1,0,0,30,35,0
73,4,228899,5,4,4,0,1,4,0,0,0,99,35,0
77,4,34761,5,4,2,4,0,4,1,0,0,40,35,0
66,2,188842,9,13,2,2,0,4,1,0,0,24,35,0
80,2,91901,11,9,2,2,0,4,1,0,0,25,35,0
80,2,91901,11,9,2,2,0,4,1,0,0,25,35,0
68,3,140852,11,9,2,11,0,4,1,0,0,40,35,0
68,2,339168,9,13,2,13,0,4,1,0,0,30,35,0
79,1,84616,1,7,2,3,0,4,1,0,0,7,35,0
36,2,207853,9,13,2,11,0,4,1,15024,0,65,35,1
82,4,240491,11,9,2,2,0,4,1,0,0,40,4,0
46,2,187581,11,9,0,2,2,4,1,0,0,40,35,0
37,2,222450,4,3,2,6,0,4,1,0,0,40,7,0
64,2,144182,11,9,6,9,1,4,0,0,0,23,35,0
75,2,248833,11,9,1,2,5,4,0,2653,0,14,35,0
32,2,464621,15,10,4,4,3,0,1,0,0,40,35,0
20,2,146538,11,9,2,6,0,4,1,0,0,40,35,0
49,4,39140,11,9,2,4,0,4,1,0,0,60,35,0
37,2,112497,9,13,2,11,0,4,1,0,0,60,35,0
79,1,84616,1,7,2,3,0,4,1,0,0,7,35,0
56,2,340171,11,9,2,13,0,2,1,0,0,40,35,0
29,2,283227,9,13,4,9,1,4,1,0,0,40,35,0
48,2,193047,12,14,2,3,0,4,1,0,0,60,35,1
54,2,99434,11,9,2,3,0,4,1,0,0,40,35,1
57,2,112840,12,14,2,9,0,4,1,0,0,55,35,1
71,2,228806,6,5,0,8,1,2,0,0,0,6,35,0
52,4,154728,11,9,2,2,0,4,1,0,0,40,35,0
80,2,91901,11,9,2,2,0,4,1,0,0,25,35,0
84,2,157778,15,10,6,2,1,4,0,0,0,6,35,0
49,2,222829,12,14,2,9,0,4,1,0,0,42,35,1
79,1,84616,1,7,2,3,0,4,1,0,0,7,35,0
23,2,148751,15,10,4,2,1,4,0,0,0,35,35,0
62,2,149617,15,10,6,3,1,4,0,0,0,16,35,0
53,1,207449,0,6,2,7,0,4,1,0,0,40,35,0
23,2,183789,11,9,4,11,3,4,1,0,0,40,35,0
26,2,208881,9,13,4,11,1,4,1,0,0,42,35,0
21,2,152389,15,10,4,7,1,2,0,0,0,30,35,0
69,2,168139,11,9,2,11,5,4,0,0,0,40,35,0
77,4,34761,5,4,2,4,0,4,1,0,0,40,35,0
31,2,120461,9,13,4,3,1,4,0,0,0,40,35,0
31,2,31286,8,11,0,2,1,4,1,0,0,40,35,0
83,3,153183,9,13,2,3,0,4,1,0,2392,55,35,1
36,2,180686,11,9,2,2,0,4,1,0,0,45,35,1
30,2,129707,9,13,2,9,0,4,1,99999,0,35,35,1
28,2,75695,15,10,5,7,1,4,0,0,0,60,35,0
66,2,177351,9,13,2,2,0,4,1,0,2174,40,35,1
58,1,318537,2,8,2,4,0,4,1,0,0,40,35,0
48,4,328606,14,15,0,9,4,4,1,14084,0,63,35,1
32,4,34572,11,9,0,4,1,4,1,0,0,65,35,0
43,2,64631,11,9,2,3,0,4,1,15024,0,50,35,1
50,2,34067,8,11,2,3,0,4,1,0,0,50,35,1
77,2,185426,11,9,2,2,0,4,1,0,0,15,35,0
22,1,289982,9,13,4,9,3,4,0,0,0,35,35,0
18,2,216540,1,7,4,2,3,4,1,0,0,40,35,0
24,2,190483,11,9,4,0,3,4,0,0,0,40,35,0
72,2,194548,15,10,3,2,1,4,1,0,0,3,35,0
64,2,192596,11,9,6,0,1,4,0,0,0,30,35,0
45,2,98092,11,9,2,11,0,4,1,0,0,60,35,0
59,0,293971,15,10,2,12,0,4,1,0,0,40,35,1
73,4,228899,5,4,4,0,1,4,0,0,0,99,35,0
51,2,22743,11,9,4,2,3,4,1,0,0,50,35,0
47,2,179955,15,10,6,13,4,4,0,0,0,25,25,0
30,2,205152,9,13,4,11,1,4,1,0,0,40,35,0
22,5,264710,9,13,4,12,3,4,0,0,0,40,35,0
54,2,154949,1,7,2,7,5,2,0,0,0,40,35,1
71,2,228806,6,5,0,8,1,2,0,0,0,6,35,0
34,2,187203,7,12,4,11,4,4,1,0,0,50,35,0
19,2,253529,2,8,4,0,3,4,1,0,0,9,35,0
56,1,391926,11,9,2,3,0,4,1,0,0,40,35,0
56,1,391926,11,9,2,3,0,4,1,0,0,40,35,0
48,3,191277,8,11,2,3,0,4,1,0,0,50,35,1
80,2,91901,11,9,2,2,0,4,1,0,0,25,35,0
84,2,157778,15,10,6,2,1,4,0,0,0,6,35,0
65,2,94809,11,9,6,2,1,4,0,0,0,40,35,0
66,2,177351,9,13,2,2,0,4,1,0,2174,40,35,1
25,2,193701,9,13,4,7,1,4,0,0,0,38,35,0
77,4,34761,5,4,2,4,0,4,1,0,0,40,35,0
59,3,132559,10,16,2,2,0,4,1,0,1977,55,35,1
60,2,132529,11,9,2,2,0,4,1,0,0,40,35,0
71,2,228806,6,5,0,8,1,2,0,0,0,6,35,0
70,4,143833,15,10,2,3,0,4,1,0,2246,40,35,1
44,2,144067,9,13,0,0,1,4,1,0,0,12,35,0
81,2,55314,9,13,2,0,0,4,1,0,0,4,35,1
74,4,392886,11,9,6,4,1,4,0,0,0,14,35,0
21,2,149637,15,10,4,0,1,4,0,0,0,25,35,0
29,4,467936,15,10,4,4,1,4,1,0,0,40,35,0
37,2,110013,8,11,0,11,1,4,0,0,0,40,35,0
70,4,143833,15,10,2,3,0,4,1,0,2246,40,35,1
25,0,198813,9,13,4,0,4,2,0,0,1590,40,35,0
69,2,185691,1,7,2,0,0,4,1,0,0,20,35,0
40,2,308027,11,9,6,7,4,2,0,0,0,40,35,0
32,4,24529,15,10,4,2,1,4,1,0,0,50,35,1
62,2,149617,15,10,6,3,1,4,0,0,0,16,35,0
19,2,25429,15,10,4,11,1,4,0,0,0,25,35,0
46,1,167159,15,10,2,10,0,4,1,0,0,70,35,1
27,2,263552,11,9,4,0,1,4,1,0,0,50,35,0
64,2,181232,1,7,2,2,0,4,1,0,2179,40,35,0
33,2,213002,9,13,4,9,1,4,1,0,1408,36,35,0
37,2,78374,11,9,2,0,5,1,0,0,0,38,22,0
72,2,225780,10,16,4,9,1,4,1,0,0,30,35,0
71,4,172046,5,4,2,4,0,4,1,0,0,50,35,0
82,4,240491,11,9,2,2,0,4,1,0,0,40,4,0
58,2,320102,10,16,2,9,0,4,1,0,0,50,35,1
51,2,55507,11,9,2,2,0,2,1,0,0,40,35,0
33,2,56150,9,13,4,2,1,4,1,2174,0,40,35,0
79,1,84616,1,7,2,3,0,4,1,0,0,7,35,0
66,5,41506,0,6,0,7,1,2,0,0,0,40,35,0
66,2,127921,11,9,4,13,1,4,1,2050,0,55,35,0
71,2,77253,11,9,4,5,1,4,1,0,0,17,35,0
68,4,195881,11,9,2,4,0,4,1,2414,0,40,35,0
63,2,346975,9,13,2,9,5,4,0,7688,0,36,35,1
21,2,143582,9,13,4,9,3,1,0,0,0,45,35,0
83,3,153183,9,13,2,3,0,4,1,0,2392,55,35,1
70,2,221603,15,10,6,11,1,4,0,0,0,34,35,0
31,2,168521,9,13,4,3,4,4,0,0,0,50,35,0
31,2,257849,11,9,2,3,0,4,1,0,0,40,35,0
20,2,194247,11,9,4,3,1,4,1,0,0,25,35,0
84,2,157778,15,10,6,2,1,4,0,0,0,6,35,0
40,2,382499,11,9,0,0,4,4,0,0,0,50,35,0
37,2,130620,2,8,2,11,5,1,0,0,0,33,35,0
42,2,311920,9,13,2,3,5,4,0,0,1485,17,35,1
74,4,45319,2,8,2,7,0,4,1,1409,0,20,1,0
40,2,85604,12,14,2,9,0,4,1,0,0,55,35,0
71,4,172046,5,4,2,4,0,4,1,0,0,50,35,0
80,2,91901,11,9,2,2,0,4,1,0,0,25,35,0
64,1,50442,6,5,4,0,2,4,1,0,0,40,35,0
61,2,87300,11,9,0,7,1,4,0,0,0,40,35,0
83,3,153183,9,13,2,3,0,4,1,0,2392,55,35,1
74,2,209454,4,3,2,13,0,2,1,0,0,40,35,0
68,2,339168,9,13,2,13,0,4,1,0,0,30,35,0
55,0,300670,9,13,3,3,1,2,1,0,0,40,35,1
58,2,170108,12,14,2,3,0,4,1,0,0,40,35,1
18,2,57957,11,9,4,11,3,4,0,0,0,15,35,0
19,2,253529,2,8,4,0,3,4,1,0,0,9,35,0
82,4,240491,11,9,2,2,0,4,1,0,0,40,4,0
45,3,173664,9,13,2,3,0,4,1,0,0,45,35,1
43,2,355728,11,9,0,6,3,4,1,0,0,40,35,0
74,2,209454,4,3,2,13,0,2,1,0,0,40,35,0
59,4,98418,11,9,2,4,0,4,1,0,0,20,35,0
44,2,92649,11,9,2,2,5,4,0,0,0,40,35,1
47,1,154940,12,14,4,9,1,4,0,0,0,45,35,1
44,4,53956,15,10,2,6,0,4,1,0,0,57,35,0
36,1,248263,11,9,4,9,1,4,0,0,0,40,35,0
30,2,156015,15,10,2,3,0,4,1,0,0,45,35,1
21,2,25505,8,11,4,0,4,2,0,0,0,35,35,0
34,2,205152,11,9,2,5,0,4,1,0,0,40,35,0
71,2,228806,6,5,0,8,1,2,0,0,0,6,35,0
54,2,409173,11,9,2,12,0,2,1,0,0,50,29,1
42,2,245975,11,9,2,2,0,4,1,0,0,40,35,0
44,2,216116,11,9,3,7,1,2,0,0,0,40,21,0
58,2,148673,11,9,2,2,0,4,1,0,0,10,35,0
37,2,95336,0,6,4,6,1,4,1,0,0,65,35,0
71,2,228806,6,5,0,8,1,2,0,0,0,6,35,0
47,1,200808,2,8,2,0,0,4,1,0,0,35,29,0
26,2,75654,11,9,0,2,1,4,1,0,0,55,35,0
74,2,99183,15,10,0,0,1,4,0,0,0,9,35,0
41,2,287037,15,10,4,4,1,4,1,0,0,40,35,0
45,1,160173,12,14,2,3,0,4,1,7688,0,50,35,1
84,2,157778,15,10,6,2,1,4,0,0,0,6,35,0
18,2,191784,11,9,4,10,1,4,1,0,0,40,29,0
36,2,139770,15,10,0,2,3,4,0,0,0,32,35,0
21,2,253583,1,7,4,5,3,4,1,0,0,45,35,0
23,2,40165,15,10,4,9,1,4,0,0,0,50,22,0
56,4,115422,11,9,2,3,0,4,1,0,0,35,35,0
66,4,37170,11,9,2,0,0,4,1,0,0,42,35,1
25,2,358975,11,9,4,7,1,4,0,0,0,35,35,0
57,2,279636,8,11,4,2,1,4,1,0,0,40,35,1
69,2,473040,4,3,0,2,1,4,1,0,0,40,35,0
42,2,245626,11,9,2,2,0,0,1,0,0,60,35,0
27,2,420351,11,9,4,0,1,4,1,0,0,45,35,0
40,2,137421,11,9,2,13,0,1,1,0,0,60,34,0
34,2,405713,15,10,0,6,1,4,0,0,0,40,35,0
69,2,177374,11,9,6,0,4,4,0,1848,0,12,35,0
31,2,188108,11,9,4,2,3,4,1,4101,0,40,35,0
35,5,210866,11,9,2,7,0,4,1,0,0,40,35,0
52,2,266138,9,13,2,3,0,4,1,0,0,40,35,1
26,2,75654,11,9,0,2,1,4,1,0,0,55,35,0
44,2,33895,11,9,0,7,4,4,0,0,0,40,35,0
51,2,53197,15,10,2,2,0,4,1,0,0,40,35,1
73,2,88594,11,9,0,3,1,4,0,0,0,35,35,0
23,0,39603,15,10,4,2,4,0,1,0,0,40,35,0
49,2,191277,15,10,2,7,0,4,1,0,0,40,35,0
42,2,27661,7,12,2,3,0,4,1,7298,0,50,35,1
54,2,186224,12,14,4,9,1,4,1,0,0,40,35,1
63,4,194638,11,9,2,2,0,4,1,0,0,32,35,0
23,2,178207,15,10,4,5,4,0,0,0,0,35,35,0
38,2,169469,11,9,0,11,1,4,1,0,0,80,35,0
74,4,392886,11,9,6,4,1,4,0,0,0,14,35,0
27,2,177398,11,9,4,7,4,4,0,0,0,64,35,0
38,4,239045,10,16,2,9,0,4,1,0,0,50,35,1
29,2,135791,9,13,2,3,5,4,0,15024,0,50,4,1
21,2,301556,11,9,4,7,3,4,0,0,0,19,35,0
66,2,151793,5,4,6,7,1,2,0,0,0,10,35,0
81,2,55314,9,13,2,0,0,4,1,0,0,4,35,1
37,2,175232,12,14,0,3,4,4,1,0,0,60,35,1
40,2,170730,11,9,2,2,0,4,1,0,0,50,35,0
46,3,201865,14,15,2,9,0,4,1,0,0,60,35,1
84,2,157778,15,10,6,2,1,4,0,0,0,6,35,0
21,2,363192,8,11,4,7,3,4,0,0,0,40,35,0
50,2,102346,9,13,2,3,5,4,0,0,2415,20,35,1
62,0,34916,15,10,2,9,0,4,1,0,0,40,35,1
19,2,63814,15,10,4,0,1,4,0,0,0,18,35,0
59,2,172618,15,10,0,11,1,4,1,0,0,56,35,0
61,2,347089,11,9,2,2,0,4,1,0,0,16,35,0
72,2,107814,12,14,4,9,1,4,1,2329,0,60,35,0
44,1,58124,9,13,0,9,4,4,1,0,0,45,35,0
51,2,186338,11,9,2,2,0,4,1,0,0,40,35,1
24,2,227070,0,6,2,6,5,4,0,0,0,40,35,0
64,4,352712,8,11,2,4,0,4,1,0,0,55,35,0
69,2,473040,4,3,0,2,1,4,1,0,0,40,35,0
43,2,88233,15,10,2,13,0,4,1,0,0,60,35,0
39,2,98886,5,4,2,7,0,4,1,4508,0,40,24,0
17,2,256496,0,6,4,2,3,4,1,0,0,35,35,0
43,2,64631,11,9,2,3,0,4,1,15024,0,50,35,1
53,0,221791,11,9,0,2,1,2,1,0,0,40,35,0
74,4,392886,11,9,6,4,1,4,0,0,0,14,35,0
80,2,91901,11,9,2,2,0,4,1,0,0,25,35,0
31,2,59083,15,10,2,7,0,4,1,0,1672,50,35,0
50,2,195844,7,12,2,3,0,4,1,0,0,50,35,1
68,2,339168,9,13,2,13,0,4,1,0,0,30,35,0
82,4,240491,11,9,2,2,0,4,1,0,0,40,4,0
59,2,258579,15,10,2,13,0,4,1,3103,0,35,35,1
47,2,194772,8,11,2,6,0,4,1,0,0,40,35,1
82,4,240491,11,9,2,2,0,4,1,0,0,40,4,0
32,2,264554,15,10,2,12,0,4,1,0,0,40,35,1
52,2,91506,11,9,2,5,0,4,1,0,0,45,35,0
81,2,55314,9,13,2,0,0,4,1,0,0,4,35,1
36,4,64875,8,11,2,12,0,4,1,0,0,60,35,0
27,2,167336,15,10,4,0,1,4,0,0,0,39,35,0
25,2,335522,6,5,4,5,1,4,1,0,0,40,24,0
51,2,334679,8,11,6,9,4,1,0,0,0,40,35,0
80,2,91901,11,9,2,2,0,4,1,0,0,25,35,0
58,1,489085,9,13,2,9,0,2,1,0,0,40,35,0
73,2,88594,11,9,0,3,1,4,0,0,0,35,35,0
65,2,350498,9,13,2,0,0,4,1,10605,0,20,35,1
73,4,228899,5,4,4,0,1,4,0,0,0,99,35,0
34,2,145231,11,9,2,0,5,4,0,4064,0,35,35,0
65,2,190454,1,7,2,2,0,4,1,0,0,29,35,0
45,1,187715,11,9,2,10,0,4,1,0,0,40,35,1
72,2,225780,10,16,4,9,1,4,1,0,0,30,35,0
67,1,342175,12,14,0,0,1,4,0,2009,0,40,35,0
70,2,236055,5,4,6,7,1,4,0,0,0,35,35,0
27,1,163320,7,12,4,10,3,4,1,0,0,40,35,0
63,2,339755,9,13,2,9,0,4,1,0,0,50,35,1
47,2,284907,11,9,2,3,0,4,1,0,0,40,35,0
32,2,72591,11,9,2,2,0,4,1,0,0,40,35,0
22,2,227994,15,10,3,0,3,1,0,0,0,39,35,0
64,4,136405,11,9,6,4,1,4,1,0,0,32,35,0
80,2,91901,11,9,2,2,0,4,1,0,0,25,35,0
25,5,230200,9,13,2,7,5,4,0,0,0,40,35,0
37,0,187046,15,10,2,9,0,4,1,0,0,40,35,1
64,2,192596,11,9,6,0,1,4,0,0,0,30,35,0
62,2,122033,11,9,6,0,1,4,0,0,0,38,35,0
43,2,598606,6,5,5,5,4,2,0,0,0,50,35,0
77,4,34761,5,4,2,4,0,4,1,0,0,40,35,0
50,2,178946,12,14,2,9,0,4,1,0,0,50,35,1
55,2,28338,8,11,0,9,1,4,0,0,0,40,35,0
28,2,250679,11,9,2,2,0,4,1,0,0,40,35,0
30,2,299223,15,10,0,11,4,0,0,0,0,40,35,0
60,2,71683,6,5,2,6,0,4,1,0,0,49,35,0
64,2,285610,1,7,0,6,1,4,0,0,0,40,35,0
77,2,185426,11,9,2,2,0,4,1,0,0,15,35,0
54,4,33863,11,9,2,4,0,4,1,0,0,60,35,1
41,2,187881,15,10,2,11,0,4,1,3942,0,40,35,0
51,3,100029,10,16,2,9,0,4,1,15024,0,40,35,1
64,2,144182,11,9,6,9,1,4,0,0,0,23,35,0
32,2,248754,15,10,2,6,0,4,1,0,0,40,35,0
29,2,184806,7,12,4,7,3,4,1,0,0,20,35,0
20,2,42706,15,10,4,4,1,4,1,0,0,72,35,0
19,2,174732,15,10,4,7,3,2,1,0,0,25,35,0
38,2,165930,11,9,2,2,0,4,1,0,0,40,35,0
73,4,228899,5,4,4,0,1,4,0,0,0,99,35,0
54,4,33863,11,9,2,4,0,4,1,0,0,60,35,1
60,4,176839,14,15,2,11,0,4,1,0,0,45,35,1
30,2,165503,9,13,4,11,3,4,0,0,0,65,35,0
66,2,151793,5,4,6,7,1,2,0,0,0,10,35,0
48,3,191277,8,11,2,3,0,4,1,0,0,50,35,1
82,4,240491,11,9,2,2,0,4,1,0,0,40,4,0
69,4,187332,14,15,2,9,0,4,1,20051,0,45,35,1
79,1,84616,1,7,2,3,0,4,1,0,0,7,35,0
56,2,359972,15,10,0,2,1,4,1,0,0,40,35,0
29,2,39388,11,9,2,4,0,4,1,0,0,40,35,0
18,2,220754,1,7,4,5,3,4,1,0,0,24,35,0
65,2,350498,9,13,2,0,0,4,1,10605,0,20,35,1
28,2,209109,9,13,0,3,1,4,1,0,0,40,35,0
31,2,103651,9,13,2,3,0,4,1,0,0,45,35,1
31,2,59083,15,10,2,7,0,4,1,0,1672,50,35,0
32,2,394708,11,9,4,7,4,2,1,0,0,40,35,0
57,2,106910,11,9,0,0,4,1,0,0,0,40,35,0
49,4,165229,8,11,2,3,0,4,1,0,0,40,35,0
71,4,172046,5,4,2,4,0,4,1,0,0,50,35,0
68,2,217424,11,9,2,10,0,4,1,0,0,24,35,0
75,2,95985,4,3,6,7,4,2,1,0,0,10,35,0
56,2,147653,11,9,0,0,4,4,0,0,0,32,35,0
67,4,217892,10,16,2,9,0,4,1,10605,0,35,35,1
47,5,123219,12,14,2,9,0,4,1,0,0,38,35,1
28,2,108706,11,9,2,12,5,4,0,0,0,40,35,1
84,2,157778,15,10,6,2,1,4,0,0,0,6,35,0
21,2,193219,11,9,4,0,3,2,0,0,0,35,21,0
81,2,55314,9,13,2,0,0,4,1,0,0,4,35,1
42,1,180985,0,6,2,5,0,4,1,99999,0,40,35,1
47,2,121124,11,9,2,2,0,4,1,0,0,40,35,1
37,0,419053,11,9,0,2,1,4,1,0,0,40,35,0
17,2,72321,1,7,4,7,2,4,0,0,0,12,35,0
38,2,260997,15,10,2,6,0,2,1,0,0,40,35,0
71,2,77253,11,9,4,5,1,4,1,0,0,17,35,0
48,2,105138,11,9,0,3,4,1,0,0,0,40,35,0
20,2,216436,9,13,4,11,2,2,0,0,0,30,35,0
17,2,452406,1,7,4,11,3,2,0,0,0,15,35,0
63,1,86590,11,9,2,3,5,4,0,0,0,32,35,0
32,2,86723,11,9,4,7,1,4,1,0,0,52,35,0
20,2,218215,15,10,4,0,3,4,0,0,0,40,35,0
23,2,109053,11,9,4,5,2,4,1,0,0,60,35,0
21,2,311478,11,9,4,5,3,2,1,0,0,45,35,0
37,2,258289,11,9,2,13,0,4,1,0,0,40,35,0
27,2,180553,11,9,5,6,4,4,0,0,0,40,35,0
20,2,61777,15,10,2,11,0,4,1,0,0,30,35,0
61,3,156653,11,9,0,11,1,4,1,0,0,55,35,0
36,2,379522,11,9,2,2,0,4,1,15024,0,40,35,1
68,2,34887,11,9,6,8,1,4,0,0,0,6,35,0
57,0,250873,11,9,2,13,0,4,1,0,0,40,35,0
38,2,180303,9,13,2,3,0,1,1,0,0,50,22,1
63,2,106648,11,9,2,2,0,4,1,0,0,25,35,0
17,2,221797,2,8,4,0,3,4,0,594,0,20,35,0
50,4,42402,14,15,2,9,0,4,1,0,2415,30,35,1
83,3,153183,9,13,2,3,0,4,1,0,2392,55,35,1
34,3,175761,9,13,2,9,0,4,1,0,0,60,35,1
65,4,111916,14,15,2,3,0,4,1,0,0,10,35,1
61,3,156653,11,9,0,11,1,4,1,0,0,55,35,0
53,2,153486,11,9,5,13,1,4,1,0,0,30,35,0
64,2,181232,1,7,2,2,0,4,1,0,2179,40,35,0
24,2,325744,11,9,4,2,1,4,1,0,0,40,35,0
58,1,489085,9,13,2,9,0,2,1,0,0,40,35,0
65,3,103824,12,14,2,3,0,4,1,0,0,40,35,1
68,2,211287,12,14,2,3,0,4,1,0,2392,40,35,1
56,2,359972,15,10,0,2,1,4,1,0,0,40,35,0
34,2,139890,15,10,0,0,4,4,0,0,0,40,35,0
73,2,88594,11,9,0,3,1,4,0,0,0,35,35,0
77,2,185426,11,9,2,2,0,4,1,0,0,15,35,0
46,3,191978,12,14,2,3,0,4,1,0,2392,50,35,1
34,2,136721,11,9,0,3,1,4,0,0,0,40,35,0
48,2,156926,9,13,2,11,0,4,1,0,0,45,35,1
74,2,99183,15,10,0,0,1,4,0,0,0,9,35,0
29,2,115438,11,9,5,2,4,4,1,0,0,35,35,0
20,2,246635,15,10,4,11,3,4,0,2597,0,20,35,0
52,2,89054,11,9,2,2,0,4,1,0,0,40,35,0
30,2,129707,9,13,2,9,0,4,1,99999,0,35,35,1
60,2,202226,15,10,0,2,3,4,1,0,0,44,35,1
22,2,412316,11,9,4,11,2,2,1,0,0,40,35,0
81,2,364099,15,10,0,0,1,4,0,0,0,20,35,0
20,2,105312,11,9,4,11,1,4,0,0,0,35,35,0
57,2,279636,8,11,4,2,1,4,1,0,0,40,35,1
83,3,153183,9,13,2,3,0,4,1,0,2392,55,35,1
68,2,34887,11,9,6,8,1,4,0,0,0,6,35,0
24,2,321763,11,9,4,3,1,4,1,0,0,38,35,0
80,2,91901,11,9,2,2,0,4,1,0,0,25,35,0
36,2,206521,11,9,4,6,1,4,1,0,0,40,35,0
67,4,152102,11,9,6,4,1,4,1,0,0,65,35,0
26,5,68346,12,14,4,9,1,4,1,0,0,10,35,0
53,2,194259,15,10,2,0,5,4,0,4386,0,40,35,1
68,3,140852,11,9,2,11,0,4,1,0,0,40,35,0
40,2,254167,0,6,5,13,3,4,1,0,0,35,35,0
30,2,29662,7,12,2,7,5,4,0,0,0,25,35,1
56,2,33115,11,9,0,7,4,4,0,0,0,40,35,0
57,2,154368,9,13,2,3,0,4,1,0,0,50,35,1
58,2,170108,12,14,2,3,0,4,1,0,0,40,35,1
62,0,52765,6,5,0,7,4,4,0,0,0,40,35,0
50,2,135339,2,8,2,11,0,1,1,0,0,40,0,1
44,4,53956,15,10,2,6,0,4,1,0,0,57,35,0
58,2,94429,15,10,2,2,0,4,1,0,0,40,35,1
35,2,146042,15,10,0,6,1,0,1,0,0,40,35,0
81,2,364099,15,10,0,0,1,4,0,0,0,20,35,0
18,2,236090,11,9,4,2,3,4,0,0,0,40,35,0
48,4,209146,11,9,2,13,0,4,1,0,0,60,35,0
21,2,283969,11,9,4,7,3,4,1,0,0,40,24,0
40,2,110862,9,13,2,11,0,4,1,0,0,50,35,1
34,2,93169,15,10,0,7,4,2,0,0,0,40,35,0
72,2,195181,11,9,2,2,0,4,1,0,0,32,35,0
19,2,96483,11,9,4,7,3,1,0,0,0,40,35,0
62,2,149617,15,10,6,3,1,4,0,0,0,16,35,0
20,2,194247,11,9,4,3,1,4,1,0,0,25,35,0
62,2,122033,11,9,6,0,1,4,0,0,0,38,35,0
49,2,255559,15,10,2,0,5,4,0,0,0,40,35,1
32,2,73498,5,4,0,7,4,4,0,0,0,40,35,0
44,2,211531,15,10,2,3,0,4,1,0,0,50,35,0
31,2,341672,9,13,2,0,0,1,1,0,0,60,17,0
66,4,174788,15,10,4,11,1,4,0,0,0,20,35,0
33,4,361497,11,9,2,2,0,4,1,0,0,40,35,0
60,2,141221,9,13,2,2,0,1,1,0,2163,25,31,0
40,3,140915,9,13,2,12,0,3,1,0,0,40,9,1
56,2,329948,11,9,2,11,0,4,1,0,0,40,35,0
75,2,248833,11,9,1,2,5,4,0,2653,0,14,35,0
68,2,214521,14,15,6,9,4,4,0,0,0,16,35,0
59,2,258579,15,10,2,13,0,4,1,3103,0,35,35,1
57,2,279636,8,11,4,2,1,4,1,0,0,40,35,1
63,2,346975,9,13,2,9,5,4,0,7688,0,36,35,1
49,2,186256,15,10,2,0,0,4,1,0,0,40,35,0
61,3,156653,11,9,0,11,1,4,1,0,0,55,35,0
62,4,168682,5,4,2,11,0,4,1,0,0,5,35,0
84,2,157778,15,10,6,2,1,4,0,0,0,6,35,0
61,2,244261,11,9,2,2,0,2,1,0,0,40,35,0
32,2,217460,6,5,2,13,0,4,1,0,0,50,35,0
67,2,182378,9,13,2,2,0,4,1,9386,0,60,35,1
19,2,168693,11,9,4,11,3,4,0,0,0,25,35,0
23,2,131230,11,9,4,7,3,4,1,0,0,20,35,0
26,2,240842,11,9,4,6,4,2,0,0,0,40,35,0
24,2,321763,11,9,4,3,1,4,1,0,0,38,35,0
35,2,206951,12,14,2,11,0,4,1,0,0,40,35,1
39,2,176186,15,10,2,4,0,4,1,0,0,50,35,1
35,4,147258,8,11,4,4,3,4,1,0,0,65,35,0
23,2,194247,15,10,4,11,1,4,1,0,0,40,35,0
24,2,211527,9,13,4,0,1,4,1,0,0,30,35,0
20,2,96862,15,10,4,2,3,4,0,0,0,8,35,0
52,4,154728,11,9,2,2,0,4,1,0,0,40,35,0
47,0,96854,9,13,2,9,0,4,1,0,0,40,35,1
31,2,381153,15,10,4,3,4,4,1,0,0,60,35,0
68,2,339168,9,13,2,13,0,4,1,0,0,30,35,0
37,2,255621,11,9,5,2,1,4,1,0,0,50,35,0
67,4,217892,10,16,2,9,0,4,1,10605,0,35,35,1
44,1,145522,12,14,4,9,1,4,0,0,0,40,35,0
25,2,61956,15,10,4,13,1,4,1,0,0,50,35,0
41,2,63042,11,9,2,11,5,4,0,0,0,20,35,0
65,1,200764,11,9,0,0,1,4,0,0,0,16,35,1
77,2,185426,11,9,2,2,0,4,1,0,0,15,35,0
21,2,40052,15,10,4,2,1,4,1,0,2001,45,35,0
40,2,220563,2,8,0,2,1,4,1,0,0,40,35,0
55,2,189933,15,10,2,13,0,4,1,0,0,84,35,0
28,0,188278,9,13,4,10,1,4,1,0,0,50,35,0
53,2,129301,15,10,2,11,0,4,1,0,0,45,35,1
36,2,558344,11,9,4,7,1,2,1,0,0,48,35,0
77,2,185426,11,9,2,2,0,4,1,0,0,15,35,0
19,2,63814,15,10,4,0,1,4,0,0,0,18,35,0
46,2,155890,9,13,2,13,0,4,1,0,0,40,35,1
56,2,261232,11,9,4,2,1,4,1,0,0,40,35,0
39,2,30916,11,9,2,2,0,4,1,0,0,40,35,0
42,2,47012,9,13,2,13,0,4,1,0,0,40,35,0
60,2,147473,11,9,2,11,0,4,1,0,0,40,35,0
60,2,31577,11,9,2,13,0,4,1,0,0,60,35,1
39,2,277886,9,13,2,11,5,4,0,0,0,30,35,0
69,2,185691,1,7,2,0,0,4,1,0,0,20,35,0
39,2,144688,11,9,2,0,5,2,0,0,0,50,35,0
21,2,249727,11,9,4,7,3,4,1,0,0,22,35,0
38,4,334366,15,10,2,4,5,4,0,0,0,15,35,0
47,2,194772,8,11,2,6,0,4,1,0,0,40,35,1
52,2,231865,11,9,2,0,0,4,1,0,0,46,35,0
44,2,144067,9,13,0,0,1,4,1,0,0,12,35,0
47,2,213140,8,11,2,2,0,4,1,7688,0,40,35,1
24,2,321763,11,9,4,3,1,4,1,0,0,38,35,0
68,4,195881,11,9,2,4,0,4,1,2414,0,40,35,0
39,2,67433,11,9,0,0,4,4,0,0,0,40,35,0
43,4,198096,12,14,2,11,0,4,1,0,0,60,35,0
48,2,139290,0,6,5,6,3,4,0,0,0,48,35,0
24,2,172152,9,13,4,2,1,1,1,0,0,25,32,0
46,2,151325,0,6,2,2,0,4,1,0,0,40,35,0
30,2,145231,7,12,0,0,3,4,0,0,1762,40,35,0
27,2,159897,11,9,4,3,1,2,0,0,0,37,35,0
73,2,88594,11,9,0,3,1,4,0,0,0,35,35,0
47,2,162034,9,13,2,11,0,4,1,0,0,70,35,0
50,2,260052,9,13,0,3,4,4,1,15020,0,40,35,1
60,2,147473,11,9,2,11,0,4,1,0,0,40,35,0
42,2,360879,15,10,2,2,0,4,1,0,0,40,35,0
67,4,268514,9,13,0,9,1,4,1,0,0,40,35,0
38,2,91857,11,9,2,2,0,4,1,0,0,44,35,0
38,2,170174,0,6,2,6,0,4,1,0,0,40,35,1
38,2,101192,15,10,4,7,1,4,1,0,0,40,35,0
64,2,182979,11,9,2,6,0,4,1,0,0,40,35,0
57,2,112840,12,14,2,9,0,4,1,0,0,55,35,1
37,2,162494,9,13,4,0,1,4,0,0,0,40,35,0
54,2,99434,11,9,2,3,0,4,1,0,0,40,35,1
77,4,34761,5,4,2,4,0,4,1,0,0,40,35,0
51,2,129301,6,5,2,13,0,4,1,0,0,45,35,0
20,2,277700,13,1,4,7,3,4,1,0,0,32,35,0
62,2,139391,15,10,2,2,0,4,1,0,0,24,35,0
24,2,161092,9,13,4,3,3,4,1,0,0,40,35,0
67,2,350525,15,10,2,2,0,4,1,0,0,15,35,1
53,2,149220,12,14,2,11,0,4,1,0,0,40,35,0
55,2,183884,11,9,0,2,1,4,1,0,0,45,35,0
75,2,95985,4,3,6,7,4,2,1,0,0,10,35,0
72,2,194548,15,10,3,2,1,4,1,0,0,3,35,0
61,0,230545,11,9,4,0,4,4,0,0,0,35,29,0
63,2,205246,11,9,2,6,0,2,1,0,0,40,35,0
68,4,195881,11,9,2,4,0,4,1,2414,0,40,35,0
74,4,392886,11,9,6,4,1,4,0,0,0,14,35,0
79,1,84616,1,7,2,3,0,4,1,0,0,7,35,0
83,3,153183,9,13,2,3,0,4,1,0,2392,55,35,1
18,2,219841,1,7,4,5,3,4,1,0,0,12,35,0
72,4,473748,11,9,2,11,0,4,1,0,0,30,35,0
46,1,36228,11,9,2,2,0,4,1,0,1902,40,35,0
45,2,363253,15,10,4,9,1,4,1,0,0,50,35,1
69,4,187332,14,15,2,9,0,4,1,20051,0,45,35,1
48,4,179337,11,9,2,2,0,4,1,0,0,60,8,0
44,2,228516,11,9,4,7,4,4,1,0,0,20,28,0
27,2,175262,9,13,4,3,3,4,1,0,0,40,35,0
75,2,95985,4,3,6,7,4,2,1,0,0,10,35,0
18,2,114008,11,9,4,7,3,4,1,0,0,35,35,0
62,2,211408,8,11,2,12,0,4,1,0,0,40,35,1
32,5,177216,9,13,4,9,1,4,0,0,0,40,35,0
71,4,172046,5,4,2,4,0,4,1,0,0,50,35,0
59,2,318450,9,13,2,3,0,4,1,0,0,50,35,1
60,2,132529,11,9,2,2,0,4,1,0,0,40,35,0
46,2,151325,0,6,2,2,0,4,1,0,0,40,35,0
43,2,151089,15,10,2,13,0,4,1,0,0,50,35,0
46,4,188273,11,9,2,4,0,4,1,15024,0,50,35,1
66,4,174788,15,10,4,11,1,4,0,0,0,20,35,0
28,2,250679,11,9,2,2,0,4,1,0,0,40,35,0
28,2,144063,11,9,2,3,0,4,1,0,0,40,35,0
60,2,71683,6,5,2,6,0,4,1,0,0,49,35,0
53,3,134854,8,11,2,3,0,4,1,0,0,40,11,1
39,2,67317,15,10,2,13,0,4,1,0,0,40,35,0
64,2,477697,11,9,2,3,0,4,1,0,0,16,35,0
31,2,48520,11,9,2,13,0,4,1,0,0,30,35,0
25,2,67467,11,9,2,12,0,4,1,0,0,40,35,0
80,2,91901,11,9,2,2,0,4,1,0,0,25,35,0
31,2,196227,11,9,5,7,1,4,0,0,0,40,35,0
17,2,452406,1,7,4,11,3,2,0,0,0,15,35,0
80,2,91901,11,9,2,2,0,4,1,0,0,25,35,0
59,2,169639,7,12,6,3,4,4,0,0,0,40,35,0
57,2,167864,8,11,6,9,1,4,0,0,0,40,35,0
22,2,227994,15,10,3,0,3,1,0,0,0,39,35,0
21,5,96483,15,10,4,0,3,1,0,0,0,12,35,0
49,1,59612,12,14,2,9,0,4,1,0,0,40,35,1
62,4,168682,5,4,2,11,0,4,1,0,0,5,35,0
17,2,566049,0,6,4,7,3,4,1,0,0,8,35,0
29,2,35032,11,9,2,2,0,4,1,0,0,40,35,0
32,2,116539,15,10,2,2,0,4,1,0,0,40,35,1
25,2,93223,15,10,0,9,4,4,0,0,0,35,35,0
82,4,240491,11,9,2,2,0,4,1,0,0,40,4,0
17,2,139183,0,6,4,11,3,4,0,0,0,15,35,0
41,4,190290,11,9,0,2,1,4,1,0,0,40,35,0
47,1,200808,2,8,2,0,0,4,1,0,0,35,29,0
57,2,169071,11,9,0,11,4,4,0,0,0,28,35,0
28,2,33798,8,11,2,6,0,4,1,0,0,40,35,0
17,2,268276,2,8,4,7,3,4,1,0,0,12,35,0
36,2,114605,8,11,2,0,0,4,1,0,0,40,35,1
51,2,45599,11,9,0,9,1,4,1,0,0,40,35,0
39,4,134475,9,13,0,0,1,4,1,0,1762,40,35,0
52,4,154728,11,9,2,2,0,4,1,0,0,40,35,0
47,1,154940,12,14,4,9,1,4,0,0,0,45,35,1
35,1,308945,11,9,2,2,0,4,1,0,0,40,35,1
36,2,32334,8,11,2,3,5,4,0,0,0,50,35,1
84,2,157778,15,10,6,2,1,4,0,0,0,6,35,0
84,2,157778,15,10,6,2,1,4,0,0,0,6,35,0
61,2,584259,12,14,2,2,0,4,1,0,0,2,35,1
35,2,268661,15,10,2,11,0,4,1,0,0,50,35,0
18,2,238867,1,7,4,5,3,4,1,0,1602,40,35,0
40,2,193537,15,10,2,0,5,4,0,0,0,40,5,0
60,3,376133,11,9,2,0,5,4,0,15024,0,15,35,1
54,4,82551,8,11,2,12,2,4,0,0,0,10,35,0
22,2,34616,15,10,4,11,1,4,0,0,0,30,35,0
59,2,318450,9,13,2,3,0,4,1,0,0,50,35,1
43,4,147269,0,6,2,2,0,4,1,0,0,60,35,0
53,2,22978,12,14,2,3,5,4,0,0,0,50,35,1
83,3,153183,9,13,2,3,0,4,1,0,2392,55,35,1
65,2,123965,9,13,6,7,1,4,0,0,0,40,35,0
71,4,172046,5,4,2,4,0,4,1,0,0,50,35,0
34,0,400943,9,13,4,3,1,4,1,0,0,44,35,0
50,2,71417,11,9,2,2,0,4,1,3103,0,40,35,1
26,2,243560,15,10,4,11,4,4,0,0,0,40,35,0
53,2,114758,12,14,2,3,0,4,1,15024,0,65,35,1
69,2,177374,11,9,6,0,4,4,0,1848,0,12,35,0
72,2,107814,12,14,4,9,1,4,1,2329,0,60,35,0
70,4,143833,15,10,2,3,0,4,1,0,2246,40,35,1
37,2,78374,11,9,2,0,5,1,0,0,0,38,22,0
25,2,125082,11,9,4,5,3,2,0,0,0,40,35,0
63,2,310396,6,5,2,2,0,4,1,5178,0,40,35,1
28,2,162312,15,10,4,2,3,1,1,0,0,40,31,0
42,2,246011,9,13,2,9,5,4,0,0,0,55,35,0
18,2,220836,1,7,4,7,1,4,0,0,0,20,35,0
30,2,149726,9,13,2,12,0,4,1,7688,0,40,35,1
37,2,176756,15,10,2,0,0,2,1,0,1485,70,35,1
54,2,176240,12,14,2,13,0,4,1,7688,0,60,35,1
79,1,84616,1,7,2,3,0,4,1,0,0,7,35,0
17,4,103851,1,7,4,9,3,4,0,0,0,4,35,0
49,0,106207,9,13,2,0,0,4,1,0,0,40,35,0
23,2,119838,9,13,4,9,3,4,1,0,0,50,35,0
55,2,28338,8,11,0,9,1,4,0,0,0,40,35,0
48,2,97176,11,9,0,0,2,4,0,0,0,40,35,0
64,2,285052,15,10,6,3,1,4,0,0,0,10,35,0
28,2,201844,11,9,5,2,4,4,0,0,0,40,24,0
26,2,152035,11,9,4,0,3,4,0,0,0,40,35,0
75,2,95985,4,3,6,7,4,2,1,0,0,10,35,0
55,2,102058,9,13,2,11,0,4,1,0,0,40,35,1
52,2,321959,15,10,2,12,0,2,1,0,0,40,35,1
52,2,235307,9,13,2,9,0,4,1,0,0,40,35,1
33,0,348491,15,10,2,3,5,2,0,0,0,40,35,1
27,5,208406,9,13,4,9,1,4,1,0,0,30,35,0
49,4,173411,11,9,0,11,1,4,1,0,0,40,35,0
51,2,71046,15,10,0,3,4,4,1,0,0,45,30,0
26,2,75654,11,9,0,2,1,4,1,0,0,55,35,0
27,2,211215,11,9,4,0,1,4,1,0,0,50,35,0
82,4,240491,11,9,2,2,0,4,1,0,0,40,4,0
71,2,77253,11,9,4,5,1,4,1,0,0,17,35,0
47,2,140644,11,9,2,3,0,4,1,0,0,40,35,1
29,2,199411,8,11,2,9,0,4,1,0,0,40,35,1
42,2,176286,7,12,2,3,0,4,1,0,0,40,35,1
27,2,198286,15,10,3,3,1,4,0,0,0,40,35,0
34,2,69727,3,2,2,2,0,4,1,0,0,40,24,0
67,2,40021,10,16,2,2,0,4,1,0,0,40,35,0
31,5,26401,12,14,0,0,1,4,0,0,0,25,35,0
23,2,162945,5,4,4,7,3,4,1,0,0,35,35,0
51,2,202752,2,8,5,13,1,2,1,0,0,40,35,0
68,4,195881,11,9,2,4,0,4,1,2414,0,40,35,0
50,1,164127,11,9,4,7,1,2,0,0,0,40,35,0
41,4,188738,11,9,0,2,4,4,1,0,0,27,35,0
72,2,225780,10,16,4,9,1,4,1,0,0,30,35,0
25,2,199947,11,9,2,0,5,4,0,0,0,40,35,0
80,2,91901,11,9,2,2,0,4,1,0,0,25,35,0
75,2,248833,11,9,1,2,5,4,0,2653,0,14,35,0
68,2,176468,11,9,0,8,4,2,0,0,0,24,35,0
32,2,154120,11,9,2,7,0,4,1,0,0,40,34,0
82,4,240491,11,9,2,2,0,4,1,0,0,40,4,0
75,2,95985,4,3,6,7,4,2,1,0,0,10,35,0
46,2,187715,15,10,2,11,0,4,1,0,0,50,35,0
75,2,95985,4,3,6,7,4,2,1,0,0,10,35,0
41,2,101739,7,12,2,3,5,4,0,0,0,50,35,1
25,2,135568,11,9,2,5,0,4,1,0,0,40,35,0
26,3,384276,15,10,2,3,0,4,1,0,0,60,35,1
26,2,167848,11,9,4,6,1,2,1,0,0,40,35,0
49,0,106207,9,13,2,0,0,4,1,0,0,40,35,0
21,2,174907,11,9,4,0,3,4,0,0,0,40,35,0
74,2,99183,15,10,0,0,1,4,0,0,0,9,35,0
81,2,55314,9,13,2,0,0,4,1,0,0,4,35,1
25,2,219897,12,14,4,2,1,4,0,0,0,35,1,0
52,4,242341,5,4,2,2,0,0,1,0,0,40,35,0
21,1,176998,11,9,4,9,1,4,1,0,0,40,35,0
17,2,221797,2,8,4,0,3,4,0,594,0,20,35,0
22,2,349368,9,13,4,3,3,4,0,0,0,30,35,0
45,2,363253,15,10,4,9,1,4,1,0,0,50,35,1
42,2,373469,11,9,2,2,0,4,1,0,0,40,35,1
40,5,91949,10,16,4,9,1,2,0,0,0,40,35,0
62,2,26966,15,10,6,0,1,4,0,0,0,40,35,0
61,2,244261,11,9,2,2,0,2,1,0,0,40,35,0
33,2,100135,11,9,2,0,5,4,0,0,1740,25,35,0
33,4,33404,11,9,0,2,1,4,1,0,0,65,35,1
44,1,24982,15,10,2,3,0,4,1,0,0,40,35,1
31,1,144949,11,9,0,2,4,4,1,0,0,40,35,0
81,2,364099,15,10,0,0,1,4,0,0,0,20,35,0
50,2,34067,8,11,2,3,0,4,1,0,0,50,35,1
61,2,180418,11,9,2,13,0,4,1,0,0,40,35,1
56,2,340171,11,9,2,13,0,2,1,0,0,40,35,0
22,2,113703,15,10,4,11,2,4,1,0,0,20,35,0
19,5,149528,15,10,4,4,3,4,1,0,0,12,35,0
69,5,170458,11,9,2,7,0,4,1,0,0,20,35,0
64,2,181232,1,7,2,2,0,4,1,0,2179,40,35,0
40,1,180123,11,9,3,4,3,2,1,0,0,40,35,0
48,2,379883,12,14,2,9,0,4,1,0,0,40,4,1
39,2,257250,11,9,0,2,1,4,1,0,0,60,35,0
77,4,34761,5,4,2,4,0,4,1,0,0,40,35,0
62,2,211408,8,11,2,12,0,4,1,0,0,40,35,1
51,1,146181,6,5,2,13,0,2,1,0,0,40,35,0
43,1,212490,8,11,0,0,1,2,0,0,0,40,35,0
72,2,289930,9,13,5,2,1,4,0,991,0,7,35,0
28,2,69107,11,9,2,5,0,2,1,0,0,40,35,0
73,2,88594,11,9,0,3,1,4,0,0,0,35,35,0
48,2,379883,12,14,2,9,0,4,1,0,0,40,4,1
27,2,588905,11,9,2,2,0,4,1,0,0,40,35,0
65,3,103824,12,14,2,3,0,4,1,0,0,40,35,1
84,2,157778,15,10,6,2,1,4,0,0,0,6,35,0
42,2,121264,8,11,2,9,0,4,1,0,0,40,35,1
28,2,266070,14,15,4,9,1,4,0,0,0,50,35,0
84,2,157778,15,10,6,2,1,4,0,0,0,6,35,0
75,2,248833,11,9,1,2,5,4,0,2653,0,14,35,0
77,2,185426,11,9,2,2,0,4,1,0,0,15,35,0
28,2,595088,15,10,2,2,0,4,1,0,0,63,35,0
24,2,50341,9,13,4,0,1,4,0,0,0,40,35,0
42,5,126333,11,9,2,11,5,4,0,0,0,40,35,0
37,2,308691,9,13,2,2,0,4,1,0,0,45,35,1
26,2,208881,9,13,4,11,1,4,1,0,0,42,35,0
28,2,108706,11,9,2,12,5,4,0,0,0,40,35,1
26,1,197764,9,13,4,9,1,4,0,0,0,40,35,0
84,2,157778,15,10,6,2,1,4,0,0,0,6,35,0
77,4,34761,5,4,2,4,0,4,1,0,0,40,35,0
25,2,109009,1,7,2,2,0,4,1,0,0,40,35,0
58,2,212864,11,9,0,5,1,4,1,0,0,40,35,0
68,4,195881,11,9,2,4,0,4,1,2414,0,40,35,0
41,2,66118,9,13,0,9,3,4,0,0,0,40,35,0
77,2,185426,11,9,2,2,0,4,1,0,0,15,35,0
21,2,149637,15,10,4,0,1,4,0,0,0,25,35,0
73,4,228899,5,4,4,0,1,4,0,0,0,99,35,0
67,1,342175,12,14,0,0,1,4,0,2009,0,40,35,0
19,2,118535,2,8,4,11,3,4,0,0,0,18,35,0
44,2,33895,11,9,0,7,4,4,0,0,0,40,35,0
70,2,174032,11,9,2,11,0,4,1,0,0,40,35,0
59,2,99131,11,9,6,9,1,4,0,0,0,18,35,0
29,1,181434,9,13,2,9,0,4,1,7298,0,40,35,1
70,2,174032,11,9,2,11,0,4,1,0,0,40,35,0
43,2,170525,9,13,0,9,1,4,0,14344,0,40,35,1
79,1,84616,1,7,2,3,0,4,1,0,0,7,35,0
57,2,24384,5,4,6,7,1,4,0,0,0,10,35,0
80,2,91901,11,9,2,2,0,4,1,0,0,25,35,0
65,2,190454,1,7,2,2,0,4,1,0,0,29,35,0
84,2,157778,15,10,6,2,1,4,0,0,0,6,35,0
34,2,154667,11,9,2,6,5,4,0,0,0,40,35,0
80,2,91901,11,9,2,2,0,4,1,0,0,25,35,0
30,2,231263,11,9,2,11,0,4,1,0,0,40,35,0
34,2,113838,15,10,2,2,0,4,1,0,0,45,35,0
56,2,82050,1,7,2,6,0,4,1,7298,0,40,35,1
52,2,177995,3,2,2,4,0,4,1,0,0,56,24,1
40,2,220563,2,8,0,2,1,4,1,0,0,40,35,0
84,2,157778,15,10,6,2,1,4,0,0,0,6,35,0
22,5,149342,15,10,4,5,3,4,1,0,0,35,35,0
41,3,160120,10,16,2,11,0,1,1,0,0,40,32,1
80,2,91901,11,9,2,2,0,4,1,0,0,25,35,0
49,2,547108,9,13,2,12,0,1,1,15024,0,40,35,1
52,2,235307,9,13,2,9,0,4,1,0,0,40,35,1
50,2,188186,12,14,0,11,1,4,0,0,1590,45,35,0
24,2,43535,15,10,2,2,5,4,0,0,0,30,35,0
79,1,84616,1,7,2,3,0,4,1,0,0,7,35,0
67,4,217892,10,16,2,9,0,4,1,10605,0,35,35,1
25,5,203279,9,13,4,9,1,1,1,0,0,20,17,0
69,2,168139,11,9,2,11,5,4,0,0,0,40,35,0
40,2,477345,5,4,2,5,0,4,1,0,2057,40,24,0
77,4,34761,5,4,2,4,0,4,1,0,0,40,35,0
70,2,221603,15,10,6,11,1,4,0,0,0,34,35,0
60,2,239576,12,14,2,13,0,4,1,0,0,10,35,0
67,4,268514,9,13,0,9,1,4,1,0,0,40,35,0
33,1,154874,15,10,2,10,0,4,1,0,0,40,35,0
44,4,230684,11,9,2,13,0,4,1,0,0,55,35,0
73,2,88594,11,9,0,3,1,4,0,0,0,35,35,0
33,2,83231,11,9,2,7,5,4,0,0,0,40,35,0
34,2,231238,11,9,2,6,0,2,1,0,0,40,35,0
21,2,321369,0,6,4,2,3,4,1,0,0,40,35,0
48,2,156926,9,13,2,11,0,4,1,0,0,45,35,1
60,2,200235,8,11,0,9,4,4,0,0,0,40,35,0
22,2,54560,11,9,2,13,0,4,1,0,0,60,35,0
39,5,267581,11,9,4,7,1,2,1,0,0,40,35,0
29,2,184806,7,12,4,7,3,4,1,0,0,20,35,0
63,2,106648,11,9,2,2,0,4,1,0,0,25,35,0
51,2,41414,6,5,4,7,1,2,0,0,0,40,35,0
82,4,240491,11,9,2,2,0,4,1,0,0,40,4,0
66,4,174788,15,10,4,11,1,4,0,0,0,20,35,0
24,2,441700,9,13,4,12,3,4,1,0,0,40,35,0
30,4,278522,1,7,4,4,3,2,1,0,0,40,35,0
68,2,339168,9,13,2,13,0,4,1,0,0,30,35,0
24,2,148709,11,9,4,7,1,4,0,0,0,40,35,0
72,2,305145,9,13,6,2,1,4,1,0,0,4,35,0
58,2,430005,0,6,2,13,0,4,1,0,0,50,35,1
33,3,206609,11,9,4,2,3,4,1,0,1876,50,35,0
80,2,91901,11,9,2,2,0,4,1,0,0,25,35,0
52,1,311569,12,14,2,3,0,4,1,0,0,50,35,1
69,2,177374,11,9,6,0,4,4,0,1848,0,12,35,0
29,2,239753,11,9,2,0,5,4,0,0,2057,20,35,0
82,4,240491,11,9,2,2,0,4,1,0,0,40,4,0
79,1,84616,1,7,2,3,0,4,1,0,0,7,35,0
34,2,104293,9,13,4,0,3,4,0,0,0,40,35,0
30,2,241885,15,10,2,4,0,4,1,0,0,40,35,0
33,4,303867,11,9,2,11,0,4,1,0,0,70,35,1
39,2,269323,15,10,2,3,0,4,1,0,0,40,35,1
46,4,225456,11,9,2,3,0,4,1,0,0,40,35,0
45,1,310260,9,13,2,9,0,4,1,0,0,50,35,1
39,3,329980,9,13,2,3,0,4,1,15024,0,50,35,1
42,2,152889,0,6,2,2,0,4,1,0,0,45,35,0
74,2,209454,4,3,2,13,0,2,1,0,0,40,35,0
22,2,193090,11,9,4,11,1,4,0,0,0,37,35,0
50,2,71417,11,9,2,2,0,4,1,3103,0,40,35,1
35,2,117528,9,13,4,12,1,4,0,0,0,40,35,0
79,1,84616,1,7,2,3,0,4,1,0,0,7,35,0
60,4,166153,15,10,2,11,0,4,1,0,0,50,35,0
71,2,228806,6,5,0,8,1,2,0,0,0,6,35,0
23,2,188950,8,11,4,11,3,4,1,0,0,40,35,0
29,2,296450,5,4,4,2,1,4,1,0,0,40,35,0
45,1,167159,9,13,2,10,0,4,1,0,0,50,35,1
71,4,172046,5,4,2,4,0,4,1,0,0,50,35,0
44,2,304530,15,10,0,2,1,4,1,0,0,55,35,0
64,2,192596,11,9,6,0,1,4,0,0,0,30,35,0
36,2,289223,15,10,2,0,5,4,0,0,1848,40,35,1
56,2,359972,15,10,0,2,1,4,1,0,0,40,35,0
32,2,90446,0,6,2,2,0,4,1,0,0,40,35,0
39,2,91367,12,14,2,3,0,4,1,0,1848,45,35,1
41,2,279297,11,9,4,11,1,2,0,0,0,60,35,0
49,2,27802,15,10,2,2,0,4,1,0,1887,40,35,1
39,1,119421,9,13,2,9,5,4,0,0,0,42,35,0
25,2,166977,9,13,2,9,5,4,0,0,1887,40,35,1
22,2,202153,15,10,4,7,3,4,0,0,0,40,35,0
82,4,240491,11,9,2,2,0,4,1,0,0,40,4,0
24,1,317443,9,13,2,9,5,2,0,0,0,40,35,0
40,2,520586,15,10,0,0,4,4,0,0,0,39,35,0
77,4,34761,5,4,2,4,0,4,1,0,0,40,35,0
52,2,177487,11,9,2,7,0,4,1,0,0,40,35,0
80,2,91901,11,9,2,2,0,4,1,0,0,25,35,0
35,2,109133,11,9,4,7,1,4,1,0,0,40,35,0
50,2,178946,12,14,2,9,0,4,1,0,0,50,35,1
43,2,176452,6,5,3,2,1,4,1,0,0,50,35,1
60,2,199378,11,9,2,2,0,4,1,0,0,40,35,0
35,2,197719,15,10,4,6,2,0,1,0,0,40,35,0
47,2,180277,11,9,2,0,5,4,0,0,0,40,16,0
72,2,107814,12,14,4,9,1,4,1,2329,0,60,35,0
21,2,25505,8,11,4,0,4,2,0,0,0,35,35,0
46,4,181372,9,13,4,4,1,4,0,0,0,40,35,0
46,4,182689,15,10,2,2,0,4,1,3103,0,35,35,1
23,2,353696,11,9,4,4,3,4,1,0,0,40,35,0
20,2,270517,11,9,4,7,3,4,0,0,0,40,24,0
62,2,149617,15,10,6,3,1,4,0,0,0,16,35,0
84,2,157778,15,10,6,2,1,4,0,0,0,6,35,0
58,2,234213,11,9,0,2,1,4,1,14344,0,48,35,1
75,2,95985,4,3,6,7,4,2,1,0,0,10,35,0
44,2,216116,11,9,3,7,1,2,0,0,0,40,21,0
64,2,144182,11,9,6,9,1,4,0,0,0,23,35,0
21,2,186314,11,9,2,0,0,4,1,0,0,40,35,0
45,5,276157,9,13,2,9,0,4,1,0,0,40,35,1
43,2,88233,15,10,2,13,0,4,1,0,0,60,35,0
65,2,176796,10,16,6,9,1,4,0,0,0,40,35,0
53,2,133963,11,9,0,2,1,4,0,0,0,40,35,0
68,2,211287,12,14,2,3,0,4,1,0,2392,40,35,1
69,5,170458,11,9,2,7,0,4,1,0,0,20,35,0
26,2,125680,9,13,4,9,1,1,1,0,0,16,22,0
60,2,427248,11,9,0,0,1,4,0,0,0,40,35,0
39,4,251710,0,6,3,7,1,4,0,0,1721,15,35,0
62,4,168682,5,4,2,11,0,4,1,0,0,5,35,0
39,2,30916,11,9,2,2,0,4,1,0,0,40,35,0
65,3,103824,12,14,2,3,0,4,1,0,0,40,35,1
38,2,35890,11,9,2,13,0,4,1,0,0,40,35,0
42,2,32533,15,10,4,2,1,4,1,0,0,45,35,0
44,2,86298,9,13,4,9,1,4,1,0,0,45,35,0
67,2,102693,11,9,6,2,1,4,1,1086,0,35,35,0
71,4,172046,5,4,2,4,0,4,1,0,0,50,35,0
68,2,214521,14,15,6,9,4,4,0,0,0,16,35,0
57,5,283635,15,10,0,2,1,4,0,0,0,40,35,0
18,2,238867,1,7,4,5,3,4,1,0,1602,40,35,0
82,4,240491,11,9,2,2,0,4,1,0,0,40,4,0
59,2,318450,9,13,2,3,0,4,1,0,0,50,35,1
54,1,137678,11,9,0,7,1,4,0,0,0,30,35,0
23,2,183327,11,9,4,2,3,2,0,0,1594,20,35,0
25,2,108414,11,9,2,6,0,4,1,0,0,40,35,0
55,2,98746,15,10,2,12,0,4,1,0,0,50,1,1
48,2,63466,11,9,3,2,4,4,0,0,0,32,35,0
33,4,203784,8,11,2,4,0,4,1,0,0,62,35,0
30,2,35644,11,9,4,7,3,4,1,0,0,10,35,0
73,4,228899,5,4,4,0,1,4,0,0,0,99,35,0
31,1,178449,14,15,2,9,0,4,1,0,0,40,35,1
82,4,240491,11,9,2,2,0,4,1,0,0,40,4,0
45,2,180010,11,9,0,11,3,4,0,0,0,40,35,0
62,2,263374,8,11,2,2,0,4,1,0,0,40,1,0
55,2,487411,12,14,2,2,0,4,1,0,0,40,35,1
54,2,146834,11,9,0,13,1,4,1,0,0,45,35,0
36,2,114605,8,11,2,0,0,4,1,0,0,40,35,1
28,2,180299,11,9,2,2,0,4,1,0,0,48,35,0
84,2,157778,15,10,6,2,1,4,0,0,0,6,35,0
42,2,49255,12,14,2,9,0,4,1,4386,0,40,35,1
32,2,44675,10,16,2,9,0,4,1,0,0,65,35,1
18,2,240747,11,9,4,6,3,4,0,0,0,40,5,0
49,1,59612,12,14,2,9,0,4,1,0,0,40,35,1
38,2,94559,9,13,2,2,5,3,0,7688,0,50,35,1
68,2,176468,11,9,0,8,4,2,0,0,0,24,35,0
51,2,263836,11,9,6,5,1,4,1,0,0,30,35,0
79,1,84616,1,7,2,3,0,4,1,0,0,7,35,0
79,1,84616,1,7,2,3,0,4,1,0,0,7,35,0
48,2,105138,11,9,0,3,4,1,0,0,0,40,35,0
19,2,43937,15,10,4,7,2,4,0,0,0,20,35,0
19,2,382688,0,6,4,5,1,4,1,0,0,20,35,0
29,4,341672,11,9,3,13,2,1,1,0,1564,50,17,1
35,1,38948,15,10,2,10,0,4,1,0,0,50,35,0
50,2,102346,9,13,2,3,5,4,0,0,2415,20,35,1
50,2,77905,9,13,0,0,1,4,0,0,0,8,35,0
75,2,248833,11,9,1,2,5,4,0,2653,0,14,35,0
62,2,139391,15,10,2,2,0,4,1,0,0,24,35,0
74,4,392886,11,9,6,4,1,4,0,0,0,14,35,0
30,2,129707,9,13,2,9,0,4,1,99999,0,35,35,1
59,2,424468,9,13,2,2,0,4,1,0,0,40,35,1
53,2,129301,15,10,2,11,0,4,1,0,0,45,35,1
77,4,34761,5,4,2,4,0,4,1,0,0,40,35,0
80,2,91901,11,9,2,2,0,4,1,0,0,25,35,0
73,2,88594,11,9,0,3,1,4,0,0,0,35,35,0
33,2,188352,12,14,4,9,1,2,1,0,0,50,35,0
20,2,238917,1,7,4,5,1,4,1,0,0,32,24,0
63,4,194638,11,9,2,2,0,4,1,0,0,32,35,0
48,4,175622,8,11,2,2,0,4,1,0,0,40,35,1
57,2,169071,11,9,0,11,4,4,0,0,0,28,35,0
73,2,88594,11,9,0,3,1,4,0,0,0,35,35,0
81,2,364099,15,10,0,0,1,4,0,0,0,20,35,0
32,2,31714,15,10,0,0,2,4,0,4865,0,40,35,0
53,1,197054,12,14,2,9,0,4,1,0,0,40,35,1
23,2,195016,15,10,4,9,1,3,0,0,0,35,35,0
51,2,55507,11,9,2,2,0,2,1,0,0,40,35,0
71,4,172046,5,4,2,4,0,4,1,0,0,50,35,0
24,2,321763,11,9,4,3,1,4,1,0,0,38,35,0
53,2,290640,11,9,2,7,0,4,1,0,0,50,10,1
56,4,403072,15,10,2,2,0,4,1,0,0,50,35,1
22,5,264102,15,10,4,7,2,2,1,0,0,39,13,0
37,2,178100,12,14,4,3,1,4,0,0,0,40,35,1
77,2,185426,11,9,2,2,0,4,1,0,0,15,35,0
30,2,197058,7,12,4,9,1,4,0,0,0,40,35,0
57,2,211678,0,6,0,0,1,4,1,0,0,64,35,0
43,3,196945,11,9,2,7,0,1,1,0,0,78,33,0
23,2,120910,11,9,4,7,4,4,0,0,0,35,35,0
52,2,196504,5,4,2,5,0,4,1,0,0,40,35,0
38,2,101192,15,10,4,7,1,4,1,0,0,40,35,0
54,0,114674,15,10,2,3,0,4,1,0,0,40,35,1
81,2,364099,15,10,0,0,1,4,0,0,0,20,35,0
52,2,233149,12,14,2,11,0,4,1,15024,0,40,35,1
33,4,182556,2,8,4,13,1,4,1,0,0,40,35,0
54,2,146834,11,9,0,13,1,4,1,0,0,45,35,0
53,2,303462,11,9,2,6,0,4,1,0,0,30,35,0
38,4,176657,15,10,5,11,1,1,1,0,0,60,22,0
39,4,134475,9,13,0,0,1,4,1,0,1762,40,35,0
72,2,289930,9,13,5,2,1,4,0,991,0,7,35,0
60,2,199378,11,9,2,2,0,4,1,0,0,40,35,0
54,2,329733,11,9,4,3,4,4,1,0,0,40,35,1
35,2,90273,5,4,2,6,0,4,1,0,0,40,35,1
37,2,118358,15,10,2,2,0,4,1,0,0,40,35,1
81,2,364099,15,10,0,0,1,4,0,0,0,20,35,0
17,2,130125,0,6,4,7,3,0,0,1055,0,20,35,0
49,0,118701,11,9,0,0,4,2,0,0,0,40,35,0
30,4,113838,8,11,2,11,0,4,1,3137,0,60,10,0
36,4,64875,8,11,2,12,0,4,1,0,0,60,35,0
73,4,228899,5,4,4,0,1,4,0,0,0,99,35,0
35,2,202027,9,13,2,5,0,4,1,7298,0,35,35,1
45,2,350440,11,9,2,3,0,1,1,0,0,40,35,1
36,2,139770,15,10,0,2,3,4,0,0,0,32,35,0
37,5,151322,9,13,4,9,1,4,1,0,0,40,35,0
17,2,139183,0,6,4,11,3,4,0,0,0,15,35,0
75,2,95985,4,3,6,7,4,2,1,0,0,10,35,0
19,2,291181,6,5,4,7,3,4,0,0,0,50,24,0
24,4,35448,11,9,5,7,4,4,0,0,0,50,35,0
31,2,160594,7,12,4,9,3,4,1,0,0,3,35,0
44,2,167005,11,9,2,0,0,4,1,0,0,48,35,1
25,2,198870,9,13,4,0,3,2,1,0,0,35,35,0
61,2,584259,12,14,2,2,0,4,1,0,0,2,35,1
73,2,88594,11,9,0,3,1,4,0,0,0,35,35,0
84,2,157778,15,10,6,2,1,4,0,0,0,6,35,0
20,2,282604,15,10,4,5,2,4,1,0,0,20,35,0
61,2,195595,5,4,3,6,1,4,1,0,0,40,12,0
45,2,174426,12,14,2,9,0,4,1,0,0,43,35,0
70,2,236055,5,4,6,7,1,4,0,0,0,35,35,0
41,2,200671,9,13,0,13,3,2,1,6497,0,40,35,0
56,2,235136,5,4,2,0,0,4,1,0,0,40,5,0
43,4,421837,15,10,2,11,0,4,1,7298,0,50,24,1
57,5,202765,11,9,2,2,0,4,1,0,0,40,35,0
43,2,347653,15,10,2,9,0,4,1,0,0,48,35,1
60,2,31577,11,9,2,13,0,4,1,0,0,60,35,1
63,2,68954,11,9,6,2,1,2,0,0,0,11,35,0
79,1,84616,1,7,2,3,0,4,1,0,0,7,35,0
60,3,376133,11,9,2,0,5,4,0,15024,0,15,35,1
31,2,214235,11,9,2,7,0,4,1,0,0,65,35,0
22,2,200109,11,9,2,8,5,4,0,4508,0,40,35,0
74,2,209454,4,3,2,13,0,2,1,0,0,40,35,0
38,1,286405,10,16,2,3,0,4,1,0,1887,50,35,1
45,1,251786,11,9,4,0,1,4,0,0,0,37,35,0
53,1,197054,12,14,2,9,0,4,1,0,0,40,35,1
68,2,103161,11,9,6,2,1,4,1,0,0,32,35,0
48,2,128796,7,12,2,3,0,4,1,0,0,40,35,1
27,2,472070,8,11,4,6,1,4,1,0,0,40,35,0
30,2,203277,11,9,2,10,0,4,1,0,0,60,35,1
43,5,598995,9,13,2,9,5,2,0,3103,0,40,35,1
74,4,45319,2,8,2,7,0,4,1,1409,0,20,1,0
77,2,185426,11,9,2,2,0,4,1,0,0,15,35,0
19,2,243373,2,8,4,11,2,4,1,1055,0,40,35,0
83,3,153183,9,13,2,3,0,4,1,0,2392,55,35,1
25,2,126974,11,9,4,2,3,4,1,0,0,40,35,0
72,2,289930,9,13,5,2,1,4,0,991,0,7,35,0
29,2,208406,11,9,4,2,1,4,1,0,0,35,35,0
53,3,134854,8,11,2,3,0,4,1,0,0,40,11,1
58,2,148673,11,9,2,2,0,4,1,0,0,10,35,0
67,2,219687,15,10,6,11,1,4,1,0,0,18,35,0
53,2,135105,9,13,0,2,1,4,0,0,0,50,35,0
27,2,428030,9,13,4,2,1,4,1,0,0,50,35,0
43,2,212888,9,13,0,9,1,4,0,0,0,38,35,0
57,2,562558,11,9,0,0,4,4,0,0,0,40,35,0
40,2,216237,9,13,0,3,1,4,0,0,0,45,35,1
82,4,240491,11,9,2,2,0,4,1,0,0,40,4,0
29,2,250679,11,9,4,2,1,4,1,0,0,40,35,0
30,2,77634,11,9,2,3,0,4,1,0,0,40,35,0
50,2,109277,6,5,2,6,0,4,1,0,0,48,35,0
51,2,176969,11,9,2,6,0,4,1,0,0,48,35,0
69,2,177374,11,9,6,0,4,4,0,1848,0,12,35,0
65,2,176796,10,16,6,9,1,4,0,0,0,40,35,0
44,2,136986,15,10,0,0,1,4,1,0,0,40,35,0
39,5,122353,9,13,2,9,0,4,1,0,0,45,35,1
52,2,349502,15,10,4,0,4,4,1,0,0,45,35,0
39,0,127048,15,10,4,3,4,4,0,0,0,40,35,0
70,2,221603,15,10,6,11,1,4,0,0,0,34,35,0
17,2,19752,1,7,4,7,3,2,0,0,0,25,35,0
53,2,229465,12,14,2,3,0,4,1,0,0,55,35,1
30,1,125159,9,13,4,9,1,2,1,14084,0,45,35,1
32,2,399088,9,13,4,3,1,4,0,0,0,45,35,0
62,2,263374,8,11,2,2,0,4,1,0,0,40,1,0
66,2,115498,9,13,2,3,0,4,1,99999,0,55,35,1
21,2,40052,15,10,4,2,1,4,1,0,2001,45,35,0
39,2,188503,9,13,2,3,5,4,0,0,0,60,35,1
44,2,211531,15,10,2,3,0,4,1,0,0,50,35,0
49,2,547108,9,13,2,12,0,1,1,15024,0,40,35,1
18,2,240747,11,9,4,6,3,4,0,0,0,40,5,0
53,0,221791,11,9,0,2,1,2,1,0,0,40,35,0
35,2,110538,11,9,2,7,0,4,1,0,0,55,35,0
21,2,228424,0,6,4,2,3,2,1,0,0,40,35,0
18,2,236090,11,9,4,2,3,4,0,0,0,40,35,0
55,2,189933,15,10,2,13,0,4,1,0,0,84,35,0
83,3,153183,9,13,2,3,0,4,1,0,2392,55,35,1
38,2,332154,9,13,2,3,0,1,1,0,0,60,35,1
29,2,341846,12,14,4,9,1,4,0,0,0,50,35,0
35,2,103710,12,14,4,9,1,4,0,0,0,40,35,0
32,2,261059,15,10,4,7,1,4,1,0,0,50,35,0
18,2,201613,2,8,4,11,3,4,0,0,0,20,35,0
81,2,55314,9,13,2,0,0,4,1,0,0,4,35,1
53,3,134854,8,11,2,3,0,4,1,0,0,40,11,1
53,2,182186,6,5,2,7,0,4,1,0,0,40,5,0
22,2,240063,11,9,4,5,3,4,1,0,0,40,35,0
77,4,34761,5,4,2,4,0,4,1,0,0,40,35,0
21,2,132320,1,7,4,2,1,4,1,0,0,35,35,0
24,2,197200,11,9,4,2,3,4,1,0,0,44,35,0
43,2,300528,15,10,2,13,0,4,1,0,0,40,35,0
73,4,228899,5,4,4,0,1,4,0,0,0,99,35,0
74,4,45319,2,8,2,7,0,4,1,1409,0,20,1,0
65,2,266081,11,9,2,2,0,4,1,0,0,40,35,0
39,2,256294,11,9,2,7,0,2,1,0,0,40,35,0
39,2,306504,11,9,2,13,0,4,1,0,0,40,35,0
28,2,180299,11,9,2,2,0,4,1,0,0,48,35,0
36,4,260454,11,9,2,2,0,4,1,0,0,30,35,0
50,3,447144,12,14,2,3,0,4,1,0,0,40,35,1
57,5,283635,15,10,0,2,1,4,0,0,0,40,35,0
52,2,117700,11,9,0,0,1,4,0,0,0,40,35,0
82,4,240491,11,9,2,2,0,4,1,0,0,40,4,0
61,5,224638,11,9,6,0,1,4,0,0,0,40,35,0
39,2,357118,9,13,4,3,1,4,0,0,1974,40,35,0
47,2,164423,11,9,0,3,4,4,0,0,0,43,35,0
30,2,272669,15,10,4,12,1,1,1,0,0,40,35,0
23,2,69911,13,1,4,7,3,4,0,0,0,15,35,0
42,1,245307,9,13,2,3,0,4,1,0,1977,48,35,1
25,2,74977,15,10,2,0,5,4,0,0,0,40,35,0
22,2,137876,15,10,4,10,1,4,1,0,0,20,35,0
32,5,119033,11,9,2,13,0,4,1,0,0,40,35,1
29,3,218555,12,14,4,9,3,4,1,0,0,40,35,0
25,2,200318,11,9,2,13,0,4,1,0,0,60,35,0
17,2,221797,2,8,4,0,3,4,0,594,0,20,35,0
17,2,35603,1,7,4,2,3,4,0,0,0,16,35,0
54,0,114674,15,10,2,3,0,4,1,0,0,40,35,1
54,2,111130,15,10,2,9,0,1,1,0,0,50,35,1
33,2,196898,9,13,4,9,1,4,0,0,0,40,35,0
64,2,477697,11,9,2,3,0,4,1,0,0,16,35,0
28,1,33662,12,14,2,9,5,4,0,7298,0,40,35,1
29,4,132686,14,15,4,9,3,4,1,0,0,50,20,1
80,2,91901,11,9,2,2,0,4,1,0,0,25,35,0
82,4,240491,11,9,2,2,0,4,1,0,0,40,4,0
51,1,97005,5,4,2,13,0,4,1,0,0,40,35,0
17,2,566049,0,6,4,7,3,4,1,0,0,8,35,0
19,2,43937,15,10,4,7,2,4,0,0,0,20,35,0
42,3,443508,10,16,2,9,0,4,1,0,0,45,35,1
24,2,225724,9,13,4,0,3,4,0,0,0,20,35,0
73,4,228899,5,4,4,0,1,4,0,0,0,99,35,0
41,2,79586,9,13,2,9,0,1,1,0,0,60,2,1
59,2,258579,15,10,2,13,0,4,1,3103,0,35,35,1
62,2,159474,11,9,2,6,0,4,1,0,0,50,35,0
67,2,116502,11,9,2,11,0,4,1,0,0,30,35,0
61,2,244261,11,9,2,2,0,2,1,0,0,40,35,0
61,2,227332,9,13,4,9,3,4,1,0,0,40,35,0
53,2,133963,11,9,0,2,1,4,0,0,0,40,35,0
69,5,170458,11,9,2,7,0,4,1,0,0,20,35,0
39,3,128715,11,9,2,3,0,4,1,0,0,45,35,1
52,2,177995,3,2,2,4,0,4,1,0,0,56,24,1
62,2,185503,9,13,2,9,0,4,1,0,0,50,35,1
69,2,185691,1,7,2,0,0,4,1,0,0,20,35,0
77,4,34761,5,4,2,4,0,4,1,0,0,40,35,0
74,2,99183,15,10,0,0,1,4,0,0,0,9,35,0
51,3,183173,11,9,2,3,0,4,1,0,0,70,35,1
29,2,103628,15,10,2,0,5,4,0,0,0,40,35,1
24,0,44075,9,13,4,9,1,1,1,0,0,40,35,0
65,3,103824,12,14,2,3,0,4,1,0,0,40,35,1
21,1,176998,11,9,4,9,1,4,1,0,0,40,35,0
38,2,149419,8,11,4,12,1,4,1,0,0,50,35,0
24,2,127753,2,8,4,2,2,4,1,0,0,40,35,0
39,4,152587,11,9,4,2,3,4,1,0,0,40,35,0
77,2,185426,11,9,2,2,0,4,1,0,0,15,35,0
53,2,114758,12,14,2,3,0,4,1,15024,0,65,35,1
57,2,211678,0,6,0,0,1,4,1,0,0,64,35,0
39,2,67433,11,9,0,0,4,4,0,0,0,40,35,0
33,2,34572,11,9,2,11,0,4,1,0,0,40,35,0
84,2,157778,15,10,6,2,1,4,0,0,0,6,35,0
57,2,24384,5,4,6,7,1,4,0,0,0,10,35,0
42,5,126333,11,9,2,11,5,4,0,0,0,40,35,0
64,0,341695,15,10,2,0,5,4,0,0,0,40,35,1
83,3,153183,9,13,2,3,0,4,1,0,2392,55,35,1
59,3,132559,10,16,2,2,0,4,1,0,1977,55,35,1
84,2,157778,15,10,6,2,1,4,0,0,0,6,35,0
20,2,132053,11,9,4,0,2,4,0,0,1719,40,35,0
27,2,263552,11,9,4,0,1,4,1,0,0,50,35,0
29,2,337953,8,11,2,11,0,4,1,2885,0,40,35,0
37,5,117651,9,13,4,9,2,4,1,0,0,40,35,0
55,2,115439,15,10,2,9,0,4,1,0,0,40,35,1
69,2,185691,1,7,2,0,0,4,1,0,0,20,35,0
59,3,132559,10,16,2,2,0,4,1,0,1977,55,35,1
50,4,71609,0,6,2,3,0,4,1,0,0,60,35,0
27,5,122540,15,10,4,2,2,4,1,0,0,40,35,0
46,2,208067,11,9,0,2,2,4,1,0,0,40,35,0
72,2,225780,10,16,4,9,1,4,1,0,0,30,35,0
25,2,457070,5,4,0,2,3,4,1,0,0,45,35,0
74,4,392886,11,9,6,4,1,4,0,0,0,14,35,0
61,5,224638,11,9,6,0,1,4,0,0,0,40,35,0
43,2,152420,15,10,2,6,0,2,1,0,0,50,35,0
26,2,205036,11,9,4,5,1,4,1,0,0,42,35,0
41,2,190591,11,9,5,7,4,2,0,0,0,20,35,0
30,2,110594,11,9,0,0,3,4,0,0,0,40,35,0
82,4,240491,11,9,2,2,0,4,1,0,0,40,4,0
52,2,106176,9,13,0,0,4,4,1,0,3770,40,35,0
19,2,168294,11,9,4,2,3,4,1,0,0,40,35,0
67,4,152102,11,9,6,4,1,4,1,0,0,65,35,0
69,5,170458,11,9,2,7,0,4,1,0,0,20,35,0
69,2,177374,11,9,6,0,4,4,0,1848,0,12,35,0
44,2,118212,0,6,2,6,0,4,1,0,0,40,35,0
42,2,118652,7,12,2,12,0,4,1,0,0,40,35,0
31,2,100135,12,14,0,3,1,4,0,0,0,40,35,0
83,3,153183,9,13,2,3,0,4,1,0,2392,55,35,1
63,2,339755,9,13,2,9,0,4,1,0,0,50,35,1
38,2,328301,15,10,4,11,4,4,0,0,0,40,35,0
49,1,192349,12,14,4,9,1,4,0,4650,0,40,35,0
71,2,228806,6,5,0,8,1,2,0,0,0,6,35,0
62,2,185503,9,13,2,9,0,4,1,0,0,50,35,1
51,0,72436,11,9,2,3,0,4,1,0,0,57,35,1
29,2,115549,11,9,2,13,0,4,1,2635,0,40,35,0
37,2,222450,1,7,3,7,2,4,1,0,0,40,7,0
21,2,260254,11,9,4,2,1,4,1,0,0,40,35,0
49,1,192349,12,14,4,9,1,4,0,4650,0,40,35,0
18,2,36251,0,6,4,7,3,4,0,0,0,15,35,0
59,2,318450,9,13,2,3,0,4,1,0,0,50,35,1
84,2,157778,15,10,6,2,1,4,0,0,0,6,35,0
20,2,41721,15,10,4,6,1,4,1,0,0,40,35,0
45,2,105779,11,9,2,2,0,4,1,0,0,30,35,0
22,2,218215,15,10,4,0,3,4,0,0,0,35,35,0
74,2,209454,4,3,2,13,0,2,1,0,0,40,35,0
31,2,265509,8,11,5,12,4,2,0,0,0,32,35,0
61,3,156653,11,9,0,11,1,4,1,0,0,55,35,0
33,4,361497,11,9,4,9,1,4,1,0,0,40,35,0
55,2,125147,11,9,2,3,0,4,1,0,0,45,35,1
38,2,64879,15,10,0,11,1,4,0,0,0,40,35,0
34,2,83800,15,10,2,7,5,4,0,0,0,30,35,0
21,2,363192,8,11,4,7,3,4,0,0,0,40,35,0
83,3,153183,9,13,2,3,0,4,1,0,2392,55,35,1
65,2,123965,9,13,6,7,1,4,0,0,0,40,35,0
49,2,181717,8,11,5,9,3,4,0,0,0,36,35,0
49,2,547108,9,13,2,12,0,1,1,15024,0,40,35,1
82,4,240491,11,9,2,2,0,4,1,0,0,40,4,0
30,2,295010,15,10,2,0,2,4,0,0,0,40,35,1
66,4,37170,11,9,2,0,0,4,1,0,0,42,35,1
40,2,246949,11,9,0,6,3,4,1,0,0,40,35,0
53,2,229465,12,14,2,3,0,4,1,0,0,55,35,1
28,2,184831,15,10,4,2,4,4,1,0,0,40,35,0
58,2,322691,9,13,2,6,0,4,1,0,0,40,35,1
57,2,112840,12,14,2,9,0,4,1,0,0,55,35,1
17,2,19752,1,7,4,7,3,2,0,0,0,25,35,0
70,2,174032,11,9,2,11,0,4,1,0,0,40,35,0
40,2,110862,9,13,2,11,0,4,1,0,0,50,35,1
53,2,22154,15,10,2,2,0,4,1,0,0,40,35,0
45,2,151817,12,14,5,12,4,4,0,0,0,36,35,0
28,2,250679,11,9,2,2,0,4,1,0,0,40,35,0
70,4,143833,15,10,2,3,0,4,1,0,2246,40,35,1
34,2,113211,7,12,2,9,5,4,0,0,0,45,35,1
41,2,164612,9,13,2,3,0,4,1,0,1887,50,35,1
65,2,176219,11,9,3,7,1,1,1,0,0,40,31,0
79,1,84616,1,7,2,3,0,4,1,0,0,7,35,0
44,2,52028,3,2,2,7,5,1,0,0,0,40,36,0
28,2,334032,8,11,4,11,1,4,1,0,0,50,35,0
58,2,94429,15,10,2,2,0,4,1,0,0,40,35,1
65,4,111916,14,15,2,3,0,4,1,0,0,10,35,1
43,2,183273,12,14,2,3,5,4,0,15024,0,32,35,1
40,2,224793,11,9,4,13,3,2,1,0,1719,40,35,0
34,2,148291,11,9,2,12,5,4,0,0,0,32,35,0
32,2,98656,12,14,4,3,1,4,0,0,0,40,35,0
83,3,153183,9,13,2,3,0,4,1,0,2392,55,35,1
30,2,194141,15,10,0,6,1,4,1,0,1617,40,35,0
18,1,159032,5,4,4,4,3,4,1,0,0,40,35,0
26,2,53209,11,9,4,7,3,4,1,0,0,40,35,0
60,2,199378,11,9,2,2,0,4,1,0,0,40,35,0
70,4,143833,15,10,2,3,0,4,1,0,2246,40,35,1
47,2,60267,9,13,2,3,0,4,1,0,0,38,35,1
62,2,122033,11,9,6,0,1,4,0,0,0,38,35,0
56,2,147653,11,9,0,0,4,4,0,0,0,32,35,0
49,4,121238,15,10,4,2,4,4,1,0,0,40,35,0
66,4,174788,15,10,4,11,1,4,0,0,0,20,35,0
71,2,228806,6,5,0,8,1,2,0,0,0,6,35,0
40,1,261497,11,9,2,2,0,2,1,0,0,35,35,0
32,2,63910,11,9,0,0,3,1,0,0,0,40,35,0
39,2,280570,9,13,2,3,0,4,1,0,0,45,35,0
54,0,114674,15,10,2,3,0,4,1,0,0,40,35,1
68,2,103161,11,9,6,2,1,4,1,0,0,32,35,0
19,2,768659,15,10,4,2,1,4,1,0,0,60,35,0
83,3,153183,9,13,2,3,0,4,1,0,2392,55,35,1
17,1,99568,0,6,4,9,3,4,0,0,0,10,35,0
52,2,91506,11,9,2,5,0,4,1,0,0,45,35,0
65,2,266081,11,9,2,2,0,4,1,0,0,40,35,0
30,2,205204,11,9,4,0,3,4,0,0,0,40,35,0
84,2,157778,15,10,6,2,1,4,0,0,0,6,35,0
45,2,200363,8,11,0,3,1,4,0,0,0,44,35,0
66,3,107627,11,9,2,11,0,4,1,0,0,60,35,1
71,2,77253,11,9,4,5,1,4,1,0,0,17,35,0
51,2,215404,9,13,2,9,0,0,1,15024,0,40,35,1
84,2,157778,15,10,6,2,1,4,0,0,0,6,35,0
43,3,150533,11,9,2,11,0,4,1,0,0,68,35,1
42,2,69019,15,10,2,2,0,2,1,0,0,40,35,1
42,2,360879,15,10,2,2,0,4,1,0,0,40,35,0
66,2,298834,15,10,2,10,0,4,1,0,0,40,1,0
41,2,175674,15,10,2,11,0,4,1,0,0,40,35,1
32,2,204742,9,13,2,9,0,4,1,0,0,40,35,1
39,2,56269,15,10,4,2,3,2,1,0,0,40,35,0
64,2,182979,11,9,2,6,0,4,1,0,0,40,35,0
81,2,55314,9,13,2,0,0,4,1,0,0,4,35,1
65,2,176796,10,16,6,9,1,4,0,0,0,40,35,0
79,1,84616,1,7,2,3,0,4,1,0,0,7,35,0
30,2,156015,15,10,2,3,0,4,1,0,0,45,35,1
23,2,184271,9,13,4,9,1,4,0,0,0,36,35,0
24,2,195770,15,10,4,3,3,4,1,0,0,40,35,0
41,2,213416,4,3,2,2,0,4,1,0,0,32,24,0
28,2,209109,9,13,0,3,1,4,1,0,0,40,35,0
79,1,84616,1,7,2,3,0,4,1,0,0,7,35,0
56,2,95763,0,6,0,2,1,4,1,0,0,45,35,0
42,0,65950,11,9,0,0,4,2,0,0,0,40,35,0
35,4,103323,15,10,2,2,0,4,1,0,0,40,35,1
70,2,221603,15,10,6,11,1,4,0,0,0,34,35,0
62,4,168682,5,4,2,11,0,4,1,0,0,5,35,0
82,4,240491,11,9,2,2,0,4,1,0,0,40,4,0
57,2,317969,11,9,2,3,0,4,1,0,0,50,35,0
34,5,204461,12,14,2,9,0,4,1,0,0,50,35,1
34,2,271933,9,13,4,3,2,4,0,0,1741,45,35,0
72,2,195181,11,9,2,2,0,4,1,0,0,32,35,0
57,2,78020,11,9,2,2,0,4,1,0,0,40,35,1
64,2,181232,1,7,2,2,0,4,1,0,2179,40,35,0
50,4,42402,14,15,2,9,0,4,1,0,2415,30,35,1
22,1,289982,9,13,4,9,3,4,0,0,0,35,35,0
63,2,205246,11,9,2,6,0,2,1,0,0,40,35,0
23,2,117583,11,9,4,2,3,4,1,0,0,40,35,0
43,1,67243,9,13,2,10,0,4,1,0,0,45,35,1
33,2,107248,8,11,4,0,1,4,1,0,0,45,35,0
60,4,166153,15,10,2,11,0,4,1,0,0,50,35,0
28,2,330466,9,13,4,9,1,1,1,0,0,40,15,0
41,4,189941,9,13,4,3,1,4,1,0,0,40,35,0
19,2,267796,15,10,4,0,3,4,1,0,0,30,35,0
24,2,86745,9,13,4,0,2,1,0,0,0,16,35,0
68,2,103161,11,9,6,2,1,4,1,0,0,32,35,0
59,2,59584,11,9,2,6,0,2,1,0,0,40,35,0
44,2,304530,15,10,0,2,1,4,1,0,0,55,35,0
38,1,286405,10,16,2,3,0,4,1,0,1887,50,35,1
46,2,37718,7,12,2,12,0,4,1,0,1977,50,35,1
52,2,155983,9,13,2,3,0,4,1,0,0,40,35,1
27,0,47907,9,13,4,0,1,4,0,0,0,40,35,0
46,2,53893,15,10,2,12,0,4,1,0,0,40,35,1
25,2,521400,4,3,4,6,2,4,1,0,0,40,24,0
80,2,91901,11,9,2,2,0,4,1,0,0,25,35,0
40,2,103759,11,9,0,2,1,4,1,0,0,40,35,0
55,1,177163,12,14,6,9,4,4,0,914,0,50,35,0
79,1,84616,1,7,2,3,0,4,1,0,0,7,35,0
20,2,175431,15,10,4,2,3,4,1,0,0,40,35,0
38,2,332154,9,13,2,3,0,1,1,0,0,60,35,1
53,2,290640,11,9,2,7,0,4,1,0,0,50,10,1
17,2,139183,0,6,4,11,3,4,0,0,0,15,35,0
33,2,254221,11,9,4,0,1,4,0,0,0,40,35,0
82,4,240491,11,9,2,2,0,4,1,0,0,40,4,0
49,0,118701,11,9,0,0,4,2,0,0,0,40,35,0
26,2,152855,11,9,4,3,3,3,0,0,0,40,24,0
47,4,61885,9,13,2,11,0,4,1,0,0,40,35,1
64,2,181232,1,7,2,2,0,4,1,0,2179,40,35,0
75,2,248833,11,9,1,2,5,4,0,2653,0,14,35,0
58,2,212864,11,9,0,5,1,4,1,0,0,40,35,0
41,4,344329,11,9,2,7,0,4,1,0,0,10,35,0
58,2,322691,9,13,2,6,0,4,1,0,0,40,35,1
45,2,167381,11,9,0,11,4,4,0,0,0,32,35,0
61,0,95680,7,12,2,3,0,1,1,3103,0,40,35,1
28,2,192200,9,13,2,9,0,4,1,0,0,40,35,0
18,2,183824,2,8,4,7,3,4,1,0,0,30,35,0
36,2,36989,15,10,2,11,0,4,1,0,0,40,35,0
35,4,134498,15,10,4,3,3,4,1,0,0,45,35,1
39,2,108140,8,11,2,2,0,4,1,0,0,40,35,0
42,2,109501,4,3,5,5,4,4,0,0,0,40,35,0
41,2,187802,15,10,0,12,1,4,1,0,0,50,35,0
66,5,41506,0,6,0,7,1,2,0,0,0,40,35,0
63,2,310396,6,5,2,2,0,4,1,5178,0,40,35,1
55,2,117477,1,7,3,7,4,2,0,0,0,40,21,0
41,4,287037,11,9,2,9,0,4,1,0,0,40,35,0
74,4,392886,11,9,6,4,1,4,0,0,0,14,35,0
19,2,267796,15,10,4,0,3,4,1,0,0,30,35,0
37,2,472517,8,11,0,7,1,4,0,0,0,4,35,0
67,2,350525,15,10,2,2,0,4,1,0,0,15,35,1
71,2,77253,11,9,4,5,1,4,1,0,0,17,35,0
17,2,19752,1,7,4,7,3,2,0,0,0,25,35,0
53,2,158352,12,14,4,2,1,4,0,8614,0,35,35,1
35,2,148334,15,10,4,0,3,2,1,0,0,40,35,0
22,5,201569,9,13,4,9,3,4,0,0,0,20,35,0
40,2,193537,15,10,2,0,5,4,0,0,0,40,5,0
26,2,159897,15,10,4,3,4,2,0,0,0,40,35,0
74,2,209454,4,3,2,13,0,2,1,0,0,40,35,0
82,4,240491,11,9,2,2,0,4,1,0,0,40,4,0
68,2,211287,12,14,2,3,0,4,1,0,2392,40,35,1
37,2,176756,15,10,2,0,0,2,1,0,1485,70,35,1
83,3,153183,9,13,2,3,0,4,1,0,2392,55,35,1
34,2,114973,11,9,5,3,4,4,0,0,0,30,35,0
58,1,489085,9,13,2,9,0,2,1,0,0,40,35,0
55,5,111130,7,12,0,0,3,1,1,0,0,40,35,0
34,2,140011,11,9,4,2,3,4,1,0,0,45,35,0
27,2,318639,0,6,4,7,1,4,1,0,0,60,24,0
73,4,228899,5,4,4,0,1,4,0,0,0,99,35,0
54,1,108739,1,7,6,10,4,2,0,0,0,40,35,0
58,2,320102,10,16,2,9,0,4,1,0,0,50,35,1
64,2,192596,11,9,6,0,1,4,0,0,0,30,35,0
57,2,169071,11,9,0,11,4,4,0,0,0,28,35,0
17,2,317702,6,5,4,7,3,2,0,0,0,40,35,0
70,2,221603,15,10,6,11,1,4,0,0,0,34,35,0
70,4,143833,15,10,2,3,0,4,1,0,2246,40,35,1
50,4,183915,9,13,2,2,0,4,1,0,0,45,35,1
29,2,208406,11,9,4,2,1,4,1,0,0,35,35,0
29,5,73928,9,13,4,9,3,1,0,0,0,15,35,0
37,5,117651,9,13,4,9,2,4,1,0,0,40,35,0
80,2,91901,11,9,2,2,0,4,1,0,0,25,35,0
50,4,240612,9,13,0,9,1,4,0,0,0,60,35,0
30,2,29662,7,12,2,7,5,4,0,0,0,25,35,1
63,2,137192,9,13,2,2,0,1,1,0,0,40,31,0
18,2,78181,11,9,4,2,3,4,0,0,0,20,35,0
60,2,199378,11,9,2,2,0,4,1,0,0,40,35,0
50,2,35224,11,9,2,2,0,4,1,0,0,40,35,0
66,3,107627,11,9,2,11,0,4,1,0,0,60,35,1
51,2,215404,9,13,2,9,0,0,1,15024,0,40,35,1
21,2,303187,15,10,4,5,3,1,1,0,0,40,26,0
77,4,34761,5,4,2,4,0,4,1,0,0,40,35,0
54,2,154949,1,7,2,7,5,2,0,0,0,40,35,1
34,1,353270,8,11,4,2,3,4,0,0,0,40,35,0
38,2,328301,15,10,4,11,4,4,0,0,0,40,35,0
43,2,208045,12,14,4,9,1,4,1,0,0,40,35,1
29,2,53642,8,11,2,0,0,4,1,0,0,40,35,0
68,2,99849,11,9,6,6,1,4,0,0,0,28,35,0
42,4,222978,10,16,4,9,1,4,0,0,0,45,35,0
45,2,350440,11,9,2,3,0,1,1,0,0,40,35,1
17,2,169037,1,7,4,5,3,4,1,0,0,40,35,0
37,0,75073,7,12,4,10,1,2,1,0,0,42,35,0
69,5,170458,11,9,2,7,0,4,1,0,0,20,35,0
23,2,163053,0,6,4,2,1,4,0,0,0,20,35,0
73,2,88594,11,9,0,3,1,4,0,0,0,35,35,0
68,3,140852,11,9,2,11,0,4,1,0,0,40,35,0
21,2,366929,11,9,2,11,5,4,0,0,0,38,35,0
66,4,37170,11,9,2,0,0,4,1,0,0,42,35,1
17,2,139183,0,6,4,11,3,4,0,0,0,15,35,0
47,3,209460,15,10,2,3,0,4,1,4386,0,40,35,1
44,4,230684,11,9,2,13,0,4,1,0,0,55,35,0
73,4,228899,5,4,4,0,1,4,0,0,0,99,35,0
67,1,342175,12,14,0,0,1,4,0,2009,0,40,35,0
36,2,66173,9,13,4,0,1,4,0,0,0,50,35,0
29,2,296450,5,4,4,2,1,4,1,0,0,40,35,0
34,2,152453,2,8,2,2,0,4,1,0,0,40,12,0
41,2,66118,9,13,0,9,3,4,0,0,0,40,35,0
20,2,228960,15,10,4,7,3,4,0,0,0,40,35,0
21,2,38772,15,10,4,11,3,4,1,0,0,20,35,0
29,2,154017,11,9,4,11,1,4,0,0,0,10,35,0
84,2,157778,15,10,6,2,1,4,0,0,0,6,35,0
35,2,320084,9,13,2,2,5,4,0,0,0,55,35,1
79,1,84616,1,7,2,3,0,4,1,0,0,7,35,0
67,4,75140,11,9,2,4,0,4,1,0,0,25,35,0
52,1,72036,8,11,2,0,0,4,1,0,0,25,35,0
60,2,141221,9,13,2,2,0,1,1,0,2163,25,31,0
26,2,152855,11,9,4,3,3,3,0,0,0,40,24,0
23,5,199915,11,9,4,7,3,4,0,0,0,21,35,0
56,2,95763,0,6,0,2,1,4,1,0,0,45,35,0
52,2,173987,11,9,2,0,0,4,1,0,0,40,35,1
64,2,181232,1,7,2,2,0,4,1,0,2179,40,35,0
43,2,151089,15,10,2,13,0,4,1,0,0,50,35,0
84,2,157778,15,10,6,2,1,4,0,0,0,6,35,0
83,3,153183,9,13,2,3,0,4,1,0,2392,55,35,1
40,2,224793,11,9,4,13,3,2,1,0,1719,40,35,0
35,4,77146,11,9,2,2,0,4,1,2829,0,45,35,0
62,2,159474,11,9,2,6,0,4,1,0,0,50,35,0
52,2,101113,11,9,2,13,0,4,1,0,0,66,35,1
75,2,95985,4,3,6,7,4,2,1,0,0,10,35,0
75,2,248833,11,9,1,2,5,4,0,2653,0,14,35,0
46,2,160647,9,13,6,12,4,4,0,0,0,38,35,0
70,2,174032,11,9,2,11,0,4,1,0,0,40,35,0
66,2,177351,9,13,2,2,0,4,1,0,2174,40,35,1
57,2,143266,9,13,2,3,0,4,1,7298,0,60,35,1
54,3,117674,9,13,2,11,0,4,1,0,0,40,35,1
68,2,176468,11,9,0,8,4,2,0,0,0,24,35,0
79,1,84616,1,7,2,3,0,4,1,0,0,7,35,0
40,1,74949,15,10,4,3,1,4,1,0,0,40,35,0
26,2,179569,15,10,4,0,1,4,0,0,0,40,35,0
40,3,140915,9,13,2,12,0,3,1,0,0,40,9,1
29,4,132686,14,15,4,9,3,4,1,0,0,50,20,1
36,2,139743,15,10,6,9,3,4,0,0,0,40,35,0
67,2,160456,1,7,6,7,1,4,0,0,0,40,35,0
47,2,179955,15,10,6,13,4,4,0,0,0,25,25,0
55,0,300670,9,13,3,3,1,2,1,0,0,40,35,1
52,2,176134,11,9,2,6,0,2,1,0,0,48,35,0
75,2,95985,4,3,6,7,4,2,1,0,0,10,35,0
51,2,22743,11,9,4,2,3,4,1,0,0,50,35,0
50,1,172175,14,15,2,9,0,4,1,0,0,40,35,1
38,5,352628,9,13,0,9,1,4,0,0,0,40,35,0
35,2,225330,9,13,4,0,1,4,0,0,0,40,35,0
54,2,111130,15,10,2,9,0,1,1,0,0,50,35,1
49,4,122584,5,4,2,11,0,4,1,0,0,40,35,0
73,2,88594,11,9,0,3,1,4,0,0,0,35,35,0
23,2,181820,15,10,4,5,3,4,1,0,0,20,35,0
34,2,344275,12,14,4,9,1,4,1,0,0,60,35,1
55,2,183884,11,9,0,2,1,4,1,0,0,45,35,0
40,5,377018,9,13,2,9,0,4,1,0,0,60,35,1
20,2,177287,11,9,4,0,1,4,0,0,0,30,35,0
45,4,277434,9,13,2,3,0,4,1,0,0,50,35,0
81,2,364099,15,10,0,0,1,4,0,0,0,20,35,0
46,5,171926,12,14,0,3,4,4,1,7430,0,50,35,1
31,2,111883,11,9,4,2,2,4,1,0,0,40,35,0
28,0,188278,9,13,4,10,1,4,1,0,0,50,35,0
80,2,91901,11,9,2,2,0,4,1,0,0,25,35,0
53,2,200576,1,7,0,2,2,4,0,0,0,40,35,0
71,2,228806,6,5,0,8,1,2,0,0,0,6,35,0
22,2,54560,11,9,2,13,0,4,1,0,0,60,35,0
64,2,144182,11,9,6,9,1,4,0,0,0,23,35,0
54,3,304570,9,13,2,6,0,1,1,7688,0,40,35,1
36,2,94954,11,9,0,13,1,4,0,0,0,40,35,0
48,2,50880,15,10,2,2,0,4,1,0,0,40,10,0
38,2,278557,9,13,2,11,0,4,1,0,0,50,35,1
65,2,94809,11,9,6,2,1,4,0,0,0,40,35,0
32,2,168854,9,13,2,11,0,4,1,0,1848,50,35,1
43,2,184099,7,12,2,13,0,4,1,0,0,40,35,0
50,5,54709,11,9,0,0,4,4,0,0,0,46,35,0
42,2,20809,11,9,0,2,1,4,1,0,0,75,35,1
58,2,289364,15,10,2,3,0,4,1,7688,0,45,35,1
77,2,185426,11,9,2,2,0,4,1,0,0,15,35,0
41,2,283174,9,13,2,2,0,4,1,99999,0,40,35,1
55,2,487411,12,14,2,2,0,4,1,0,0,40,35,1
52,4,154728,11,9,2,2,0,4,1,0,0,40,35,0
56,1,267763,11,9,2,7,0,4,1,0,0,40,35,0
66,4,37170,11,9,2,0,0,4,1,0,0,42,35,1
74,4,392886,11,9,6,4,1,4,0,0,0,14,35,0
19,2,138760,11,9,4,6,3,4,1,0,0,40,35,0
25,5,295912,15,10,4,2,1,4,1,0,0,20,35,0
47,2,247379,11,9,4,5,1,4,1,0,0,45,35,0
19,2,291181,6,5,4,7,3,4,0,0,0,50,24,0
56,2,101128,7,12,3,7,1,4,1,0,0,25,18,0
31,1,144949,11,9,0,2,4,4,1,0,0,40,35,0
24,2,114292,6,5,4,2,3,4,1,0,0,40,35,0
50,2,109277,6,5,2,6,0,4,1,0,0,48,35,0
67,4,152102,11,9,6,4,1,4,1,0,0,65,35,0
18,2,236272,11,9,4,0,3,4,0,0,0,35,35,0
39,2,115076,15,10,2,6,0,4,1,0,0,40,35,0
69,2,177374,11,9,6,0,4,4,0,1848,0,12,35,0
68,2,103161,11,9,6,2,1,4,1,0,0,32,35,0
44,2,193494,15,10,2,13,0,4,1,0,0,72,35,1
24,2,420779,11,9,2,4,0,2,1,0,0,35,35,0
60,2,160625,11,9,2,9,0,4,1,5013,0,40,35,0
56,2,101128,7,12,3,7,1,4,1,0,0,25,18,0
74,4,45319,2,8,2,7,0,4,1,1409,0,20,1,0
66,2,115498,9,13,2,3,0,4,1,99999,0,55,35,1
81,2,55314,9,13,2,0,0,4,1,0,0,4,35,1
73,2,88594,11,9,0,3,1,4,0,0,0,35,35,0
71,4,172046,5,4,2,4,0,4,1,0,0,50,35,0
17,2,452406,1,7,4,11,3,2,0,0,0,15,35,0
59,4,98418,11,9,2,4,0,4,1,0,0,20,35,0
22,2,236684,8,11,4,7,3,2,0,0,0,36,35,0
84,2,157778,15,10,6,2,1,4,0,0,0,6,35,0
55,2,98361,9,13,2,3,0,4,1,15024,0,55,35,1
60,2,88675,11,9,2,2,0,4,1,0,0,40,35,0
49,4,192203,6,5,2,2,0,4,1,0,0,40,1,0
25,5,260754,9,13,4,10,1,2,1,0,0,40,35,0
84,2,157778,15,10,6,2,1,4,0,0,0,6,35,0
72,2,107814,12,14,4,9,1,4,1,2329,0,60,35,0
29,4,467936,15,10,4,4,1,4,1,0,0,40,35,0
74,2,209454,4,3,2,13,0,2,1,0,0,40,35,0
29,2,568490,11,9,2,2,0,4,1,0,0,40,35,0
57,2,153918,11,9,2,13,0,4,1,0,0,40,35,0
19,5,73009,15,10,4,0,3,4,1,0,0,15,35,0
18,2,220168,15,10,4,2,3,4,1,0,0,16,35,0
42,4,83953,15,10,2,4,0,4,1,0,0,70,35,0
25,2,187653,11,9,4,5,1,4,1,0,0,48,35,0
18,2,219841,1,7,4,5,3,4,1,0,0,12,35,0
34,2,209101,9,13,2,3,0,4,1,5178,0,55,35,1
75,2,248833,11,9,1,2,5,4,0,2653,0,14,35,0
68,3,140852,11,9,2,11,0,4,1,0,0,40,35,0
84,2,157778,15,10,6,2,1,4,0,0,0,6,35,0
18,2,168740,1,7,4,5,3,4,1,0,0,30,35,0
65,2,350498,9,13,2,0,0,4,1,10605,0,20,35,1
52,2,89054,11,9,2,2,0,4,1,0,0,40,35,0
84,2,157778,15,10,6,2,1,4,0,0,0,6,35,0
27,2,247978,11,9,4,7,3,2,0,0,0,40,35,0
29,2,192283,15,10,4,7,2,4,0,0,0,20,35,0
68,2,214521,14,15,6,9,4,4,0,0,0,16,35,0
70,2,236055,5,4,6,7,1,4,0,0,0,35,35,0
21,2,204596,7,12,4,0,3,4,0,0,0,8,35,0
58,4,194733,15,10,2,9,0,4,1,0,0,45,35,0
55,2,190508,15,10,2,13,0,2,1,0,0,35,35,0
42,2,27661,7,12,2,3,0,4,1,7298,0,50,35,1
51,2,263439,9,13,2,5,0,4,1,0,0,40,35,0
81,2,55314,9,13,2,0,0,4,1,0,0,4,35,1
40,2,220563,2,8,0,2,1,4,1,0,0,40,35,0
26,2,109564,11,9,4,2,3,4,0,0,0,40,35,0
33,2,155475,11,9,2,11,0,4,1,0,0,40,35,0
73,4,228899,5,4,4,0,1,4,0,0,0,99,35,0
75,2,95985,4,3,6,7,4,2,1,0,0,10,35,0
67,1,342175,12,14,0,0,1,4,0,2009,0,40,35,0
52,2,84788,0,6,4,6,1,4,1,0,0,40,35,0
71,2,77253,11,9,4,5,1,4,1,0,0,17,35,0
35,2,107302,9,13,2,11,0,4,1,0,0,40,35,1
69,2,185691,1,7,2,0,0,4,1,0,0,20,35,0
80,2,91901,11,9,2,2,0,4,1,0,0,25,35,0
83,3,153183,9,13,2,3,0,4,1,0,2392,55,35,1
77,2,185426,11,9,2,2,0,4,1,0,0,15,35,0
32,2,464621,15,10,4,4,3,0,1,0,0,40,35,0
64,2,285610,1,7,0,6,1,4,0,0,0,40,35,0
63,4,194638,11,9,2,2,0,4,1,0,0,32,35,0
46,2,212944,1,7,2,2,0,4,1,0,0,32,35,0
82,4,240491,11,9,2,2,0,4,1,0,0,40,4,0
61,2,149620,15,10,0,7,1,2,1,0,0,40,35,0
52,2,106176,9,13,0,0,4,4,1,0,3770,40,35,0
41,0,219155,14,15,2,9,0,4,1,0,0,50,17,1
42,2,69019,15,10,2,2,0,2,1,0,0,40,35,1
83,3,153183,9,13,2,3,0,4,1,0,2392,55,35,1
82,4,240491,11,9,2,2,0,4,1,0,0,40,4,0
75,2,95985,4,3,6,7,4,2,1,0,0,10,35,0
36,4,129150,11,9,2,4,0,4,1,0,0,50,35,1
29,2,78261,11,9,2,6,0,4,1,0,0,40,35,0
58,4,194733,15,10,2,9,0,4,1,0,0,45,35,0
67,4,217892,10,16,2,9,0,4,1,10605,0,35,35,1
51,2,157043,1,7,6,5,4,2,0,0,0,40,35,0
82,4,240491,11,9,2,2,0,4,1,0,0,40,4,0
84,2,157778,15,10,6,2,1,4,0,0,0,6,35,0
59,2,172618,15,10,0,11,1,4,1,0,0,56,35,0
36,4,344351,11,9,4,13,3,4,1,0,0,40,35,0
51,2,89652,11,9,0,0,4,4,0,4787,0,24,35,1
70,2,221603,15,10,6,11,1,4,0,0,0,34,35,0
37,2,241998,9,13,2,12,0,4,1,0,0,50,35,1
81,2,55314,9,13,2,0,0,4,1,0,0,4,35,1
31,2,149507,2,8,2,2,0,4,1,0,0,43,35,0
18,2,220168,15,10,4,2,3,4,1,0,0,16,35,0
27,2,198813,11,9,0,0,3,2,0,0,0,40,35,0
35,2,103710,12,14,4,9,1,4,0,0,0,40,35,0
21,2,204596,7,12,4,0,3,4,0,0,0,8,35,0
20,2,194247,11,9,4,3,1,4,1,0,0,25,35,0
43,4,194726,11,9,0,2,3,4,1,0,0,35,35,0
39,2,505119,12,14,2,3,0,4,1,0,0,40,4,1
40,2,217826,11,9,2,6,0,2,1,0,0,40,13,0
36,2,379522,11,9,2,2,0,4,1,15024,0,40,35,1
20,2,194247,11,9,4,3,1,4,1,0,0,25,35,0
75,2,95985,4,3,6,7,4,2,1,0,0,10,35,0
48,2,160220,8,11,2,11,0,4,1,0,0,40,35,1
75,2,95985,4,3,6,7,4,2,1,0,0,10,35,0
55,1,30636,11,9,2,2,0,4,1,4386,0,40,35,1
52,2,266138,9,13,2,3,0,4,1,0,0,40,35,1
36,2,414683,9,13,2,9,0,2,1,0,0,40,35,0
77,4,34761,5,4,2,4,0,4,1,0,0,40,35,0
22,5,214731,15,10,4,0,1,4,0,0,0,15,35,0
68,4,195881,11,9,2,4,0,4,1,2414,0,40,35,0
20,2,203240,7,12,4,0,1,4,0,0,0,30,35,0
38,2,332154,9,13,2,3,0,1,1,0,0,60,35,1
61,2,131117,11,9,6,13,4,4,0,0,0,40,29,0
82,4,240491,11,9,2,2,0,4,1,0,0,40,4,0
68,2,99849,11,9,6,6,1,4,0,0,0,28,35,0
31,2,221167,14,15,0,12,1,4,0,0,0,35,35,0
51,3,46281,15,10,2,11,0,4,1,0,0,50,35,1
74,2,209454,4,3,2,13,0,2,1,0,0,40,35,0
79,1,84616,1,7,2,3,0,4,1,0,0,7,35,0
38,2,412296,11,9,0,2,3,4,1,0,0,28,35,0
19,2,250249,15,10,4,0,3,4,0,0,0,10,35,0
56,1,267763,11,9,2,7,0,4,1,0,0,40,35,0
25,2,199224,15,10,4,5,3,4,1,0,0,30,35,0
48,2,108699,11,9,4,0,1,4,0,0,0,40,35,0
23,2,195411,11,9,4,0,4,2,0,0,0,40,35,0
55,2,115439,15,10,2,9,0,4,1,0,0,40,35,1
28,1,407672,9,13,4,9,1,4,0,0,0,40,35,0
48,4,58683,15,10,2,11,0,4,1,0,0,70,35,1
68,2,211287,12,14,2,3,0,4,1,0,2392,40,35,1
38,2,187999,9,13,2,12,0,4,1,0,0,45,35,1
55,2,183884,11,9,0,2,1,4,1,0,0,45,35,0
50,2,204577,9,13,2,2,0,2,1,0,1902,60,35,1
19,1,43921,15,10,4,6,1,4,1,0,0,40,35,0
69,2,177374,11,9,6,0,4,4,0,1848,0,12,35,0
70,2,174032,11,9,2,11,0,4,1,0,0,40,35,0
53,2,30244,7,12,2,3,0,4,1,15024,0,40,35,1
63,2,68954,11,9,6,2,1,2,0,0,0,11,35,0
32,2,199416,9,13,2,9,0,4,1,0,0,40,35,0
37,4,24106,11,9,2,12,0,4,1,0,0,30,35,0
51,2,203435,15,10,0,11,4,4,0,0,0,40,20,0
80,2,91901,11,9,2,2,0,4,1,0,0,25,35,0
47,2,59380,15,10,0,0,4,4,0,0,0,42,35,0
44,2,36271,9,13,2,2,0,4,1,0,0,40,35,0
67,2,350525,15,10,2,2,0,4,1,0,0,15,35,1
59,2,318450,9,13,2,3,0,4,1,0,0,50,35,1
20,3,245611,15,10,4,2,3,4,1,0,0,20,35,0
75,2,248833,11,9,1,2,5,4,0,2653,0,14,35,0
45,1,167159,9,13,2,10,0,4,1,0,0,50,35,1
33,2,122672,11,9,2,4,0,4,1,0,0,50,35,0
46,1,313635,14,15,5,9,1,2,1,4650,0,40,35,0
54,2,27484,11,9,2,3,0,4,1,0,0,40,35,1
22,2,340217,15,10,4,11,1,4,0,0,0,20,35,0
71,4,172046,5,4,2,4,0,4,1,0,0,50,35,0
65,2,350498,9,13,2,0,0,4,1,10605,0,20,35,1
27,2,472070,8,11,4,6,1,4,1,0,0,40,35,0
26,2,476558,5,4,4,2,1,4,1,0,0,40,24,0
77,2,185426,11,9,2,2,0,4,1,0,0,15,35,0
62,2,159474,11,9,2,6,0,4,1,0,0,50,35,0
83,3,153183,9,13,2,3,0,4,1,0,2392,55,35,1
62,0,52765,6,5,0,7,4,4,0,0,0,40,35,0
49,2,186256,15,10,2,0,0,4,1,0,0,40,35,0
82,4,240491,11,9,2,2,0,4,1,0,0,40,4,0
55,2,98361,9,13,2,3,0,4,1,15024,0,55,35,1
19,2,299050,15,10,4,0,3,4,1,0,0,20,35,0
80,2,91901,11,9,2,2,0,4,1,0,0,25,35,0
84,2,157778,15,10,6,2,1,4,0,0,0,6,35,0
35,2,60227,11,9,2,2,0,4,1,0,0,40,35,0
52,2,117700,11,9,0,0,1,4,0,0,0,40,35,0
79,1,84616,1,7,2,3,0,4,1,0,0,7,35,0
28,2,239753,11,9,4,7,1,4,0,0,0,40,35,0
37,2,248919,3,2,2,0,0,4,1,0,0,66,24,0
82,4,240491,11,9,2,2,0,4,1,0,0,40,4,0
83,3,153183,9,13,2,3,0,4,1,0,2392,55,35,1
21,5,181761,15,10,4,12,3,4,0,0,0,10,35,0
40,3,102576,12,14,2,9,0,2,1,0,0,55,34,0
70,4,143833,15,10,2,3,0,4,1,0,2246,40,35,1
56,4,190091,8,11,3,11,1,4,1,0,0,46,35,0
59,2,99131,11,9,6,9,1,4,0,0,0,18,35,0
24,2,241857,15,10,4,0,1,2,0,0,0,35,35,0
18,2,205894,1,7,4,11,3,4,1,0,0,15,35,0
81,2,364099,15,10,0,0,1,4,0,0,0,20,35,0
27,2,180553,11,9,5,6,4,4,0,0,0,40,35,0
63,2,205246,11,9,2,6,0,2,1,0,0,40,35,0
28,5,107218,9,13,4,12,3,1,1,0,0,20,35,0
82,4,240491,11,9,2,2,0,4,1,0,0,40,4,0
72,4,473748,11,9,2,11,0,4,1,0,0,30,35,0
64,4,136405,11,9,6,4,1,4,1,0,0,32,35,0
28,2,68021,9,13,0,9,1,4,0,0,0,40,35,0
26,2,68895,11,9,4,0,1,4,1,0,0,50,24,0
81,2,55314,9,13,2,0,0,4,1,0,0,4,35,1
50,2,195638,0,6,5,0,4,4,0,0,0,40,35,0
35,1,103260,12,14,2,9,5,4,0,0,0,35,35,1
44,4,202692,12,14,2,9,0,4,1,0,0,40,35,0
61,2,227332,9,13,4,9,3,4,1,0,0,40,35,0
70,2,221603,15,10,6,11,1,4,0,0,0,34,35,0
28,0,236418,15,10,4,3,1,2,1,0,0,40,35,0
46,2,231515,7,12,4,0,1,4,0,0,0,47,4,0
82,4,240491,11,9,2,2,0,4,1,0,0,40,4,0
41,4,38876,8,11,2,4,0,4,1,0,0,60,35,0
23,2,73514,11,9,4,0,3,1,0,0,0,40,36,0
63,4,194638,11,9,2,2,0,4,1,0,0,32,35,0
66,2,188842,9,13,2,2,0,4,1,0,0,24,35,0
62,2,211408,8,11,2,12,0,4,1,0,0,40,35,1
77,2,185426,11,9,2,2,0,4,1,0,0,15,35,0
44,2,153489,11,9,4,7,4,4,1,0,0,40,35,0
65,4,144822,6,5,2,2,0,4,1,0,0,45,35,0
65,2,94809,11,9,6,2,1,4,0,0,0,40,35,0
32,4,205072,11,9,2,13,0,4,1,0,0,48,35,0
45,2,348854,15,10,5,0,4,4,0,0,0,27,35,0
56,2,329948,11,9,2,11,0,4,1,0,0,40,35,0
33,2,189265,9,13,4,3,1,4,0,0,0,40,35,0
67,2,160456,1,7,6,7,1,4,0,0,0,40,35,0
22,2,218215,15,10,4,0,3,4,0,0,0,35,35,0
18,2,103497,15,10,4,2,3,4,0,0,0,30,35,0
44,1,145522,12,14,4,9,1,4,0,0,0,40,35,0
47,3,209460,15,10,2,3,0,4,1,4386,0,40,35,1
83,3,153183,9,13,2,3,0,4,1,0,2392,55,35,1
32,2,154120,11,9,2,7,0,4,1,0,0,40,34,0
66,3,107627,11,9,2,11,0,4,1,0,0,60,35,1
47,4,182752,11,9,2,0,5,4,0,0,0,35,18,0
47,2,176893,11,9,0,2,1,2,1,8614,0,44,35,1
61,2,244261,11,9,2,2,0,2,1,0,0,40,35,0
20,2,61777,15,10,2,11,0,4,1,0,0,30,35,0
34,2,321709,11,9,4,7,1,4,0,0,0,28,35,0
27,2,105189,11,9,4,2,3,4,1,0,0,40,10,0
29,2,131712,1,7,4,2,1,4,1,0,0,40,35,0
38,1,286405,10,16,2,3,0,4,1,0,1887,50,35,1
55,2,28338,8,11,0,9,1,4,0,0,0,40,35,0
48,2,108699,11,9,4,0,1,4,0,0,0,40,35,0
40,3,102576,12,14,2,9,0,2,1,0,0,55,34,0
57,2,24384,5,4,6,7,1,4,0,0,0,10,35,0
84,2,157778,15,10,6,2,1,4,0,0,0,6,35,0
32,0,566117,15,10,0,0,4,4,0,0,0,40,35,0
37,2,109133,7,12,2,11,0,4,1,0,1977,45,35,1
31,2,93106,8,11,4,0,1,4,0,0,0,40,35,0
18,2,133654,11,9,4,0,3,4,0,0,0,40,35,0
44,1,58124,9,13,0,9,4,4,1,0,0,45,35,0
44,4,122749,11,9,2,2,0,4,1,0,0,35,10,0
59,2,169639,7,12,6,3,4,4,0,0,0,40,35,0
32,2,186788,11,9,2,13,0,4,1,0,0,40,35,0
80,2,91901,11,9,2,2,0,4,1,0,0,25,35,0
36,2,172706,11,9,2,6,0,4,1,0,0,40,35,0
58,2,104613,7,12,2,3,0,4,1,0,0,50,35,1
46,2,45363,14,15,0,9,1,4,1,0,2824,40,35,1
38,2,85399,11,9,4,6,1,4,0,0,0,40,35,0
39,2,46395,9,13,2,3,0,4,1,0,0,40,35,0
63,3,110610,0,6,2,4,0,4,1,0,0,50,35,0
66,5,41506,0,6,0,7,1,2,0,0,0,40,35,0
55,4,145574,11,9,0,3,1,4,1,34095,0,60,35,0
23,2,85139,11,9,4,0,1,4,0,0,0,40,35,0
58,2,234213,11,9,0,2,1,4,1,14344,0,48,35,1
84,2,157778,15,10,6,2,1,4,0,0,0,6,35,0
63,2,346975,9,13,2,9,5,4,0,7688,0,36,35,1
81,2,55314,9,13,2,0,0,4,1,0,0,4,35,1
64,2,285610,1,7,0,6,1,4,0,0,0,40,35,0
36,2,170376,11,9,2,2,0,4,1,0,0,45,35,1
74,2,99183,15,10,0,0,1,4,0,0,0,9,35,0
73,4,228899,5,4,4,0,1,4,0,0,0,99,35,0
53,2,380086,11,9,2,3,0,4,1,7688,0,48,35,1
64,2,285610,1,7,0,6,1,4,0,0,0,40,35,0
34,2,145231,11,9,2,0,5,4,0,4064,0,35,35,0
24,2,321763,11,9,4,3,1,4,1,0,0,38,35,0
23,2,238087,15,10,4,2,3,4,1,0,0,30,35,0
22,2,374116,11,9,4,2,1,4,0,0,0,36,35,0
43,4,198096,12,14,2,11,0,4,1,0,0,60,35,0
21,2,149637,15,10,4,0,1,4,0,0,0,25,35,0
30,2,231263,11,9,2,11,0,4,1,0,0,40,35,0
68,2,211287,12,14,2,3,0,4,1,0,2392,40,35,1
51,3,124963,12,14,2,11,0,4,1,0,0,40,35,1
17,2,256496,0,6,4,2,3,4,1,0,0,35,35,0
18,2,236272,11,9,4,0,3,4,0,0,0,35,35,0
29,4,394927,15,10,4,2,1,4,1,0,0,45,35,0
63,2,137192,9,13,2,2,0,1,1,0,0,40,31,0
28,2,334032,8,11,4,11,1,4,1,0,0,50,35,0
54,2,99434,11,9,2,3,0,4,1,0,0,40,35,1
33,2,142675,9,13,4,5,1,4,1,0,0,30,35,0
56,2,92215,6,5,0,2,1,4,0,0,0,40,35,1
56,2,33115,11,9,0,7,4,4,0,0,0,40,35,0
51,2,261207,11,9,2,7,0,4,1,0,0,40,4,1
22,2,326334,15,10,4,2,3,4,1,0,0,35,35,0
37,2,265038,15,10,2,13,0,4,1,0,0,50,35,0
60,2,39263,12,14,4,3,1,4,0,3325,0,35,35,0
69,2,168139,11,9,2,11,5,4,0,0,0,40,35,0
60,2,39263,12,14,4,3,1,4,0,3325,0,35,35,0
20,2,262749,15,10,4,7,3,4,1,0,0,35,35,0
40,2,277507,11,9,3,5,1,4,1,0,1669,40,35,0
63,3,110610,0,6,2,4,0,4,1,0,0,50,35,0
69,2,177374,11,9,6,0,4,4,0,1848,0,12,35,0
44,4,92162,11,9,0,2,1,4,1,0,0,40,35,0
75,2,248833,11,9,1,2,5,4,0,2653,0,14,35,0
33,2,44392,11,9,0,5,3,4,1,0,0,20,35,0
21,2,152328,15,10,4,2,3,4,1,0,0,20,35,0
40,2,224793,11,9,4,13,3,2,1,0,1719,40,35,0
84,2,157778,15,10,6,2,1,4,0,0,0,6,35,0
58,2,212864,11,9,0,5,1,4,1,0,0,40,35,0
47,2,158286,12,14,2,3,0,4,1,0,0,50,35,1
81,2,364099,15,10,0,0,1,4,0,0,0,20,35,0
22,0,277700,15,10,4,12,3,4,1,0,0,20,35,0
79,1,84616,1,7,2,3,0,4,1,0,0,7,35,0
39,1,189911,1,7,0,0,4,4,0,0,0,40,35,0
65,2,123965,9,13,6,7,1,4,0,0,0,40,35,0
18,2,238867,1,7,4,5,3,4,1,0,1602,40,35,0
79,1,84616,1,7,2,3,0,4,1,0,0,7,35,0
77,4,34761,5,4,2,4,0,4,1,0,0,40,35,0
80,2,91901,11,9,2,2,0,4,1,0,0,25,35,0
53,2,172962,14,15,2,9,0,4,1,0,0,40,35,1
84,2,157778,15,10,6,2,1,4,0,0,0,6,35,0
54,2,188136,9,13,0,11,1,4,0,0,1408,38,35,0
33,2,389932,11,9,0,13,1,2,1,0,0,55,35,0
45,2,178341,12,14,2,9,0,4,1,0,0,50,35,0
67,2,40021,10,16,2,2,0,4,1,0,0,40,35,0
60,0,27466,15,10,6,3,1,4,0,0,0,40,8,0
31,2,118941,15,10,4,3,1,4,0,0,0,40,35,1
65,4,144822,6,5,2,2,0,4,1,0,0,45,35,0
63,2,339755,9,13,2,9,0,4,1,0,0,50,35,1
24,2,198259,9,13,4,3,3,4,0,0,0,40,35,0
38,2,186191,11,9,0,11,1,4,1,0,0,60,35,0
34,2,318641,9,13,2,3,0,2,1,0,0,45,35,1
44,2,144067,9,13,0,0,1,4,1,0,0,12,35,0
44,2,92649,11,9,2,2,5,4,0,0,0,40,35,1
57,2,167864,8,11,6,9,1,4,0,0,0,40,35,0
62,4,168682,5,4,2,11,0,4,1,0,0,5,35,0
31,2,258849,8,11,4,0,4,2,0,0,0,40,35,0
55,2,171015,11,9,6,11,4,4,0,0,0,40,35,0
74,2,209454,4,3,2,13,0,2,1,0,0,40,35,0
21,2,55465,7,12,4,7,2,4,1,0,0,15,35,0
57,2,169071,11,9,0,11,4,4,0,0,0,28,35,0
27,2,311446,11,9,2,0,5,4,0,5178,0,40,35,1
46,2,173243,15,10,2,12,0,4,1,5178,0,40,35,1
83,3,153183,9,13,2,3,0,4,1,0,2392,55,35,1
17,2,268276,2,8,4,7,3,4,1,0,0,12,35,0
35,2,407913,11,9,5,7,1,2,1,0,0,40,35,0
52,1,155141,10,16,2,9,5,4,0,0,0,40,35,1
24,1,317443,9,13,2,9,5,2,0,0,0,40,35,0
79,1,84616,1,7,2,3,0,4,1,0,0,7,35,0
70,2,221603,15,10,6,11,1,4,0,0,0,34,35,0
41,4,129865,11,9,2,7,0,4,1,0,0,60,35,0
61,4,111563,9,13,2,4,0,4,1,0,0,20,35,1
77,2,185426,11,9,2,2,0,4,1,0,0,15,35,0
66,4,37170,11,9,2,0,0,4,1,0,0,42,35,1
58,2,289364,15,10,2,3,0,4,1,7688,0,45,35,1
22,2,113703,15,10,4,11,2,4,1,0,0,20,35,0
19,2,382688,0,6,4,5,1,4,1,0,0,20,35,0
49,4,173411,11,9,0,11,1,4,1,0,0,40,35,0
45,2,105779,11,9,2,2,0,4,1,0,0,30,35,0
18,2,120691,15,10,4,7,3,2,1,0,0,35,35,0
43,2,106900,9,13,2,6,0,4,1,0,0,40,35,0
35,2,146091,15,10,4,0,1,4,0,0,0,40,35,0
53,2,200576,1,7,0,2,2,4,0,0,0,40,35,0
33,4,155151,15,10,2,11,0,4,1,0,1740,50,35,0
46,2,102771,12,14,2,12,0,4,1,0,1977,40,35,1
62,2,139391,15,10,2,2,0,4,1,0,0,24,35,0
48,4,175622,8,11,2,2,0,4,1,0,0,40,35,1
75,2,248833,11,9,1,2,5,4,0,2653,0,14,35,0
49,2,181717,8,11,5,9,3,4,0,0,0,36,35,0
35,2,115215,15,10,4,13,3,4,1,0,0,45,35,0
44,4,158555,15,10,2,3,0,4,1,0,0,50,35,1
25,2,192273,9,13,2,9,0,4,1,0,0,40,35,0
43,2,106900,9,13,2,6,0,4,1,0,0,40,35,0
30,1,44566,9,13,2,9,0,4,1,0,0,40,35,0
73,4,228899,5,4,4,0,1,4,0,0,0,99,35,0
64,4,352712,8,11,2,4,0,4,1,0,0,55,35,0
72,2,289930,9,13,5,2,1,4,0,991,0,7,35,0
75,2,248833,11,9,1,2,5,4,0,2653,0,14,35,0
63,2,106648,11,9,2,2,0,4,1,0,0,25,35,0
41,2,203943,2,8,2,10,0,2,1,0,0,40,35,0
81,2,364099,15,10,0,0,1,4,0,0,0,20,35,0
28,2,186672,11,9,4,0,1,2,1,0,0,40,21,0
42,2,144594,11,9,2,2,0,4,1,0,0,40,35,1
61,2,87300,11,9,0,7,1,4,0,0,0,40,35,0
30,1,102130,15,10,2,2,0,4,1,0,0,40,35,0
72,2,53684,15,10,2,10,0,2,1,0,0,40,35,0
50,1,164127,11,9,4,7,1,2,0,0,0,40,35,0
59,2,424468,9,13,2,2,0,4,1,0,0,40,35,1
49,4,122584,5,4,2,11,0,4,1,0,0,40,35,0
62,2,263374,8,11,2,2,0,4,1,0,0,40,1,0
20,2,246635,15,10,4,11,3,4,0,2597,0,20,35,0
75,2,248833,11,9,1,2,5,4,0,2653,0,14,35,0
59,2,169639,7,12,6,3,4,4,0,0,0,40,35,0
24,2,257621,9,13,4,3,1,4,0,0,0,40,35,0
30,2,189439,11,9,3,7,4,2,0,0,0,38,35,0
36,2,185203,11,9,4,11,1,4,0,0,0,40,35,0
68,2,217424,11,9,2,10,0,4,1,0,0,24,35,0
84,2,157778,15,10,6,2,1,4,0,0,0,6,35,0
61,2,149620,15,10,0,7,1,2,1,0,0,40,35,0
82,4,240491,11,9,2,2,0,4,1,0,0,40,4,0
74,2,99183,15,10,0,0,1,4,0,0,0,9,35,0
18,2,216540,1,7,4,2,3,4,1,0,0,40,35,0
31,4,182177,11,9,2,2,0,4,1,0,1902,40,35,1
84,2,157778,15,10,6,2,1,4,0,0,0,6,35,0
22,2,57827,15,10,4,2,3,4,1,0,0,40,35,0
42,4,178780,12,14,2,3,0,4,1,0,0,50,35,1
58,2,200040,11,9,2,2,0,4,1,0,0,40,35,0
17,2,268276,2,8,4,7,3,4,1,0,0,12,35,0
83,3,153183,9,13,2,3,0,4,1,0,2392,55,35,1
30,2,118551,9,13,4,11,1,4,0,0,0,35,35,1
52,2,196504,5,4,2,5,0,4,1,0,0,40,35,0
82,4,240491,11,9,2,2,0,4,1,0,0,40,4,0
52,2,177487,11,9,2,7,0,4,1,0,0,40,35,0
79,1,84616,1,7,2,3,0,4,1,0,0,7,35,0
59,2,59584,11,9,2,6,0,2,1,0,0,40,35,0
53,2,158352,12,14,4,2,1,4,0,8614,0,35,35,1
66,4,174788,15,10,4,11,1,4,0,0,0,20,35,0
59,0,293971,15,10,2,12,0,4,1,0,0,40,35,1
71,2,228806,6,5,0,8,1,2,0,0,0,6,35,0
24,2,103064,9,13,4,9,1,4,0,0,0,40,35,0
31,4,349148,15,10,2,6,0,4,1,0,0,48,35,0
82,4,240491,11,9,2,2,0,4,1,0,0,40,4,0
27,2,312485,11,9,4,5,3,4,1,0,0,32,35,0
72,2,107814,12,14,4,9,1,4,1,2329,0,60,35,0
84,2,157778,15,10,6,2,1,4,0,0,0,6,35,0
83,3,153183,9,13,2,3,0,4,1,0,2392,55,35,1
25,2,112847,11,9,2,13,3,3,1,0,0,40,35,0
80,2,91901,11,9,2,2,0,4,1,0,0,25,35,0
17,2,72321,1,7,4,7,2,4,0,0,0,12,35,0
50,2,77905,9,13,0,0,1,4,0,0,0,8,35,0
82,4,240491,11,9,2,2,0,4,1,0,0,40,4,0
60,4,176839,14,15,2,11,0,4,1,0,0,45,35,1
58,2,94429,15,10,2,2,0,4,1,0,0,40,35,1
21,2,312017,15,10,4,2,1,4,1,0,0,40,35,0
67,2,102693,11,9,6,2,1,4,1,1086,0,35,35,0
34,2,154874,11,9,4,6,1,4,1,4416,0,30,35,0
46,2,102569,12,14,2,3,0,4,1,15024,0,65,35,1
69,2,177374,11,9,6,0,4,4,0,1848,0,12,35,0
38,2,65624,11,9,0,3,1,4,1,0,0,40,35,0
49,2,193366,12,14,2,3,0,4,1,0,0,65,35,1
71,2,77253,11,9,4,5,1,4,1,0,0,17,35,0
79,1,84616,1,7,2,3,0,4,1,0,0,7,35,0
59,2,59584,11,9,2,6,0,2,1,0,0,40,35,0
19,2,138760,11,9,4,6,3,4,1,0,0,40,35,0
38,2,364782,11,9,2,2,0,4,1,0,0,40,35,1
44,2,54310,12,14,2,9,0,4,1,7298,0,40,35,1
62,2,185503,9,13,2,9,0,4,1,0,0,50,35,1
37,4,225860,7,12,3,4,1,4,1,0,0,50,35,0
45,2,33794,12,14,2,7,0,4,1,0,0,40,35,0
20,2,282604,15,10,4,5,2,4,1,0,0,20,35,0
74,4,392886,11,9,6,4,1,4,0,0,0,14,35,0
71,2,77253,11,9,4,5,1,4,1,0,0,17,35,0
48,2,193047,12,14,2,3,0,4,1,0,0,60,35,1
35,2,143152,15,10,2,0,5,4,0,3908,0,27,35,0
79,1,84616,1,7,2,3,0,4,1,0,0,7,35,0
22,0,277700,15,10,4,12,3,4,1,0,0,20,35,0
27,2,321456,15,10,2,10,0,4,1,0,0,40,35,0
63,1,86590,11,9,2,3,5,4,0,0,0,32,35,0
81,2,55314,9,13,2,0,0,4,1,0,0,4,35,1
50,2,260052,9,13,0,3,4,4,1,15020,0,40,35,1
36,2,167415,11,9,0,2,4,4,1,0,0,40,35,0
47,2,121124,11,9,2,2,0,4,1,0,0,40,35,1
31,2,345122,14,15,0,9,1,4,1,14084,0,50,35,1
29,2,203833,9,13,4,9,1,2,1,0,0,40,35,0
73,2,88594,11,9,0,3,1,4,0,0,0,35,35,0
19,2,188618,11,9,4,0,3,4,0,0,0,24,35,0
25,1,366796,9,13,4,9,1,4,0,0,0,40,35,0
52,0,165050,11,9,4,0,1,4,1,0,0,48,35,1
70,2,174032,11,9,2,11,0,4,1,0,0,40,35,0
58,2,200040,11,9,2,2,0,4,1,0,0,40,35,0
79,1,84616,1,7,2,3,0,4,1,0,0,7,35,0
43,2,190885,5,4,6,7,4,4,0,0,0,38,24,0
29,2,131913,15,10,4,0,2,2,0,0,0,40,35,0
53,2,114758,12,14,2,3,0,4,1,15024,0,65,35,1
54,2,27484,11,9,2,3,0,4,1,0,0,40,35,1
39,2,201410,11,9,2,5,0,4,1,0,0,40,35,0
61,2,244261,11,9,2,2,0,2,1,0,0,40,35,0
33,2,202046,9,13,2,3,0,4,1,0,0,45,35,1
35,0,110188,9,13,2,9,0,1,1,0,0,40,36,0
82,4,240491,11,9,2,2,0,4,1,0,0,40,4,0
40,2,316820,5,4,2,11,0,4,1,4064,0,40,35,0
34,2,197886,9,13,2,11,0,4,1,0,0,60,35,1
57,2,78020,11,9,2,2,0,4,1,0,0,40,35,1
21,2,283969,11,9,4,7,3,4,1,0,0,40,24,0
30,2,251120,7,12,4,11,1,4,1,0,0,40,8,0
65,4,144822,6,5,2,2,0,4,1,0,0,45,35,0
43,2,184099,7,12,2,13,0,4,1,0,0,40,35,0
72,2,289930,9,13,5,2,1,4,0,991,0,7,35,0
72,2,289930,9,13,5,2,1,4,0,991,0,7,35,0
70,2,221603,15,10,6,11,1,4,0,0,0,34,35,0
22,2,124810,11,9,4,11,3,4,0,0,0,20,35,0
62,2,149617,15,10,6,3,1,4,0,0,0,16,35,0
23,2,233711,11,9,2,7,0,4,1,0,0,50,35,0
50,2,167065,9,13,2,3,0,4,1,0,0,40,35,1
29,2,94880,15,10,3,2,2,4,1,0,0,40,24,0
66,4,174788,15,10,4,11,1,4,0,0,0,20,35,0
50,2,260052,9,13,0,3,4,4,1,15020,0,40,35,1
77,2,185426,11,9,2,2,0,4,1,0,0,15,35,0
58,4,95763,15,10,2,4,0,4,1,0,0,60,35,0
80,2,91901,11,9,2,2,0,4,1,0,0,25,35,0
33,2,248584,15,10,2,7,0,4,1,0,0,50,35,0
54,2,154949,1,7,2,7,5,2,0,0,0,40,35,1
28,2,156300,12,14,4,3,1,2,0,0,0,45,35,0
36,2,91275,15,10,4,0,4,1,0,0,0,40,35,0
29,2,221366,9,13,2,9,0,4,1,5013,0,40,10,0
52,1,155141,10,16,2,9,5,4,0,0,0,40,35,1
30,1,102130,15,10,2,2,0,4,1,0,0,40,35,0
79,1,84616,1,7,2,3,0,4,1,0,0,7,35,0
44,2,468706,11,9,2,2,0,2,1,0,0,40,35,0
77,2,185426,11,9,2,2,0,4,1,0,0,15,35,0
18,2,103497,15,10,4,2,3,4,0,0,0,30,35,0
54,3,117674,9,13,2,11,0,4,1,0,0,40,35,1
63,2,346975,9,13,2,9,5,4,0,7688,0,36,35,1
40,3,189941,9,13,2,9,0,4,1,3103,0,60,35,1
50,2,313321,7,12,0,11,1,4,0,0,0,40,35,0
42,0,65950,11,9,0,0,4,2,0,0,0,40,35,0
21,5,181761,15,10,4,12,3,4,0,0,0,10,35,0
36,2,136629,15,10,2,6,0,4,1,0,0,40,35,1
28,2,54042,8,11,4,7,1,4,0,2463,0,35,35,0
81,2,364099,15,10,0,0,1,4,0,0,0,20,35,0
34,2,182274,15,10,2,3,5,4,0,0,1887,40,35,1
50,3,240374,12,14,2,11,0,4,1,0,0,40,35,1
77,4,34761,5,4,2,4,0,4,1,0,0,40,35,0
18,2,91525,11,9,4,11,2,4,1,0,0,25,35,0
63,2,106648,11,9,2,2,0,4,1,0,0,25,35,0
43,4,75993,11,9,2,2,0,4,1,0,0,35,35,0
47,4,20946,9,13,0,7,1,4,0,0,0,40,35,0
64,1,50442,6,5,4,0,2,4,1,0,0,40,35,0
83,3,153183,9,13,2,3,0,4,1,0,2392,55,35,1
66,2,151793,5,4,6,7,1,2,0,0,0,10,35,0
81,2,55314,9,13,2,0,0,4,1,0,0,4,35,1
47,2,148995,9,13,2,3,0,4,1,0,2415,60,35,1
53,2,22978,12,14,2,3,5,4,0,0,0,50,35,1
24,2,227070,0,6,2,6,5,4,0,0,0,40,35,0
39,2,531055,11,9,2,2,0,4,1,0,0,40,35,1
37,2,162494,9,13,4,0,1,4,0,0,0,40,35,0
53,2,172962,14,15,2,9,0,4,1,0,0,40,35,1
80,2,91901,11,9,2,2,0,4,1,0,0,25,35,0
41,2,243607,4,3,2,0,0,4,1,0,0,40,24,0
53,1,207449,0,6,2,7,0,4,1,0,0,40,35,0
63,2,339755,9,13,2,9,0,4,1,0,0,50,35,1
29,5,301582,15,10,2,10,0,4,1,0,0,40,35,0
47,2,59380,15,10,0,0,4,4,0,0,0,42,35,0
19,2,216413,15,10,4,7,3,4,0,0,0,20,35,0
66,4,37170,11,9,2,0,0,4,1,0,0,42,35,1
63,2,137192,9,13,2,2,0,1,1,0,0,40,31,0
20,2,424034,15,10,4,2,3,4,1,0,0,15,35,0
36,2,370156,11,9,0,0,4,4,0,0,0,38,35,0
49,2,105431,11,9,0,7,1,2,0,0,0,40,35,0
56,2,95763,0,6,0,2,1,4,1,0,0,45,35,0
72,2,225780,10,16,4,9,1,4,1,0,0,30,35,0
34,2,159303,12,14,4,9,3,4,0,0,0,30,35,0
34,2,183557,11,9,5,0,1,4,0,0,0,20,35,0
36,2,145704,11,9,0,6,4,4,0,0,0,40,35,0
77,4,34761,5,4,2,4,0,4,1,0,0,40,35,0
64,2,181232,1,7,2,2,0,4,1,0,2179,40,35,0
83,3,153183,9,13,2,3,0,4,1,0,2392,55,35,1
82,4,240491,11,9,2,2,0,4,1,0,0,40,4,0
36,4,344351,11,9,4,13,3,4,1,0,0,40,35,0
44,2,92649,11,9,2,2,5,4,0,0,0,40,35,1
52,2,155983,9,13,2,3,0,4,1,0,0,40,35,1
65,2,350498,9,13,2,0,0,4,1,10605,0,20,35,1
45,2,166181,11,9,6,8,3,2,0,0,0,25,35,0
36,2,185607,11,9,4,7,4,4,0,0,0,30,35,0
81,2,364099,15,10,0,0,1,4,0,0,0,20,35,0
65,2,266081,11,9,2,2,0,4,1,0,0,40,35,0
59,2,424468,9,13,2,2,0,4,1,0,0,40,35,1
17,2,221797,2,8,4,0,3,4,0,594,0,20,35,0
22,2,218215,15,10,4,0,3,4,0,0,0,35,35,0
70,2,221603,15,10,6,11,1,4,0,0,0,34,35,0
62,2,159474,11,9,2,6,0,4,1,0,0,50,35,0
62,4,168682,5,4,2,11,0,4,1,0,0,5,35,0
63,2,205246,11,9,2,6,0,2,1,0,0,40,35,0
42,2,384236,12,14,2,9,0,4,1,7688,0,40,35,1
62,0,34916,15,10,2,9,0,4,1,0,0,40,35,1
22,2,349368,9,13,4,3,3,4,0,0,0,30,35,0
32,0,191385,7,12,0,10,1,4,1,2174,0,40,35,0
57,2,106910,11,9,0,0,4,1,0,0,0,40,35,0
17,2,130125,0,6,4,7,3,0,0,1055,0,20,35,0
38,4,334366,15,10,2,4,5,4,0,0,0,15,35,0
70,2,174032,11,9,2,11,0,4,1,0,0,40,35,0
37,2,66304,6,5,2,10,0,4,1,0,0,16,35,0
82,4,240491,11,9,2,2,0,4,1,0,0,40,4,0
29,2,53434,8,11,2,3,0,4,1,0,0,60,35,1
49,2,547108,9,13,2,12,0,1,1,15024,0,40,35,1
51,0,140516,12,14,2,9,0,4,1,0,0,40,35,1
73,2,88594,11,9,0,3,1,4,0,0,0,35,35,0
32,2,282611,9,13,4,3,1,4,0,0,0,40,35,0
40,1,261497,11,9,2,2,0,2,1,0,0,35,35,0
58,4,31732,9,13,2,3,0,4,1,0,0,50,35,0
35,2,340018,0,6,4,7,4,2,0,0,0,38,35,0
83,3,153183,9,13,2,3,0,4,1,0,2392,55,35,1
37,2,526968,12,14,4,9,1,4,0,0,0,38,35,1
75,2,95985,4,3,6,7,4,2,1,0,0,10,35,0
71,4,172046,5,4,2,4,0,4,1,0,0,50,35,0
39,2,277886,9,13,2,11,5,4,0,0,0,30,35,0
42,2,70037,12,14,4,9,1,4,1,0,0,50,35,0
79,1,84616,1,7,2,3,0,4,1,0,0,7,35,0
61,0,230545,11,9,4,0,4,4,0,0,0,35,29,0
55,0,300670,9,13,3,3,1,2,1,0,0,40,35,1
84,2,157778,15,10,6,2,1,4,0,0,0,6,35,0
45,2,102771,11,9,2,3,0,4,1,0,0,40,35,1
68,2,214521,14,15,6,9,4,4,0,0,0,16,35,0
69,2,473040,4,3,0,2,1,4,1,0,0,40,35,0
61,0,230545,11,9,4,0,4,4,0,0,0,35,29,0
40,3,182629,9,13,0,3,1,4,1,0,0,40,35,0
38,3,184456,11,9,2,11,0,4,1,0,0,55,20,1
72,4,473748,11,9,2,11,0,4,1,0,0,30,35,0
44,2,129100,1,7,5,7,4,2,0,0,0,60,35,0
58,2,289364,15,10,2,3,0,4,1,7688,0,45,35,1
23,2,117618,15,10,4,5,3,4,1,0,0,35,35,0
19,2,25429,15,10,4,11,1,4,0,0,0,25,35,0
74,2,99183,15,10,0,0,1,4,0,0,0,9,35,0
47,2,177858,9,13,3,3,1,4,0,27828,0,60,35,1
52,2,91506,11,9,2,5,0,4,1,0,0,45,35,0
24,2,52242,11,9,2,11,5,4,0,0,0,40,35,1
61,2,180418,11,9,2,13,0,4,1,0,0,40,35,1
19,2,382688,0,6,4,5,1,4,1,0,0,20,35,0
42,4,248094,11,9,2,4,0,4,1,0,0,50,35,0
74,4,45319,2,8,2,7,0,4,1,1409,0,20,1,0
17,4,103851,1,7,4,9,3,4,0,0,0,4,35,0
55,4,145574,11,9,0,3,1,4,1,34095,0,60,35,0
50,2,195844,7,12,2,3,0,4,1,0,0,50,35,1
19,2,768659,15,10,4,2,1,4,1,0,0,60,35,0
59,2,318450,9,13,2,3,0,4,1,0,0,50,35,1
56,2,329948,11,9,2,11,0,4,1,0,0,40,35,0
61,2,195595,5,4,3,6,1,4,1,0,0,40,12,0
27,2,172009,9,13,4,3,1,4,0,0,0,40,35,0
82,4,240491,11,9,2,2,0,4,1,0,0,40,4,0
32,2,311524,11,9,4,2,3,2,1,0,0,38,35,0
53,2,110747,11,9,2,2,0,4,1,0,0,40,35,0
23,2,201680,2,8,2,2,0,4,1,0,0,40,35,0
21,2,161415,15,10,4,2,1,4,1,0,0,50,35,0
69,4,187332,14,15,2,9,0,4,1,20051,0,45,35,1
23,2,103064,9,13,4,12,1,4,0,0,0,40,35,0
54,2,147863,8,11,2,2,0,1,1,5013,0,40,36,0
77,4,34761,5,4,2,4,0,4,1,0,0,40,35,0
80,2,91901,11,9,2,2,0,4,1,0,0,25,35,0
67,4,217892,10,16,2,9,0,4,1,10605,0,35,35,1
66,4,37170,11,9,2,0,0,4,1,0,0,42,35,1
70,2,236055,5,4,6,7,1,4,0,0,0,35,35,0
18,4,230373,1,7,4,7,3,4,0,594,0,4,35,0
33,2,104509,9,13,4,9,4,4,0,0,0,40,35,0
37,2,149347,15,10,2,2,0,4,1,0,0,40,35,1
41,2,184630,9,13,0,5,1,4,1,4416,0,40,35,0
68,2,34887,11,9,6,8,1,4,0,0,0,6,35,0
30,5,119197,12,14,0,9,1,0,1,0,0,50,35,0
50,5,137815,9,13,2,2,0,4,1,0,0,40,35,1
31,2,191834,11,9,0,6,2,4,1,0,0,40,35,0
63,2,143098,11,9,2,11,0,4,1,4064,0,40,35,0
72,2,225780,10,16,4,9,1,4,1,0,0,30,35,0
56,2,367984,8,11,2,3,0,4,1,15024,0,40,35,1
47,2,202117,11,9,0,11,1,4,0,0,0,37,35,0
72,2,107814,12,14,4,9,1,4,1,2329,0,60,35,0
48,2,97176,11,9,0,0,2,4,0,0,0,40,35,0
39,2,203204,7,12,2,0,5,4,0,0,0,25,35,1
57,2,562558,11,9,0,0,4,4,0,0,0,40,35,0
62,2,185503,9,13,2,9,0,4,1,0,0,50,35,1
45,2,350440,11,9,2,3,0,1,1,0,0,40,35,1
23,2,138892,11,9,4,6,3,2,1,0,0,40,35,0
41,2,279297,11,9,4,11,1,2,0,0,0,60,35,0
44,2,245317,11,9,2,13,0,4,1,0,0,40,35,0
38,2,35890,11,9,2,13,0,4,1,0,0,40,35,0
48,2,50880,15,10,2,2,0,4,1,0,0,40,10,0
50,4,71609,0,6,2,3,0,4,1,0,0,60,35,0
26,2,248990,1,7,2,0,0,4,1,0,0,40,35,1
84,2,157778,15,10,6,2,1,4,0,0,0,6,35,0
55,2,145214,15,10,0,0,4,4,0,4650,0,20,35,0
70,2,236055,5,4,6,7,1,4,0,0,0,35,35,0
18,2,220754,1,7,4,5,3,4,1,0,0,24,35,0
31,2,110643,9,13,2,9,0,4,1,0,0,40,35,1
58,2,123886,11,9,4,11,2,2,0,0,0,40,35,0
82,4,240491,11,9,2,2,0,4,1,0,0,40,4,0
54,3,117674,9,13,2,11,0,4,1,0,0,40,35,1
37,2,199739,15,10,0,2,3,4,1,0,0,40,35,0
83,3,153183,9,13,2,3,0,4,1,0,2392,55,35,1
46,2,243190,11,9,2,0,5,4,0,7688,0,40,35,1
38,2,165930,11,9,2,2,0,4,1,0,0,40,35,0
74,2,99183,15,10,0,0,1,4,0,0,0,9,35,0
48,2,156926,9,13,2,11,0,4,1,0,0,45,35,1
41,0,56236,11,9,0,10,4,2,1,1506,0,40,35,0
41,2,175674,15,10,2,11,0,4,1,0,0,40,35,1
58,2,225394,11,9,2,2,0,4,1,0,1902,40,35,0
46,1,313635,14,15,5,9,1,2,1,4650,0,40,35,0
80,2,91901,11,9,2,2,0,4,1,0,0,25,35,0
57,2,106910,11,9,0,0,4,1,0,0,0,40,35,0
23,2,219519,15,10,4,11,1,2,0,0,0,30,35,0
34,2,140092,11,9,4,12,1,4,1,0,0,40,35,0
50,2,279461,15,10,2,13,0,4,1,0,0,40,35,1
37,2,253006,15,10,5,11,1,4,1,0,0,45,35,0
63,4,194638,11,9,2,2,0,4,1,0,0,32,35,0
66,2,177351,9,13,2,2,0,4,1,0,2174,40,35,1
23,2,82497,15,10,4,11,3,4,0,0,0,28,35,0
77,2,185426,11,9,2,2,0,4,1,0,0,15,35,0
30,1,102130,15,10,2,2,0,4,1,0,0,40,35,0
75,2,248833,11,9,1,2,5,4,0,2653,0,14,35,0
23,2,265356,9,13,4,3,4,4,1,0,0,40,35,0
46,1,167159,15,10,2,10,0,4,1,0,0,70,35,1
36,2,209993,4,3,2,8,5,4,0,0,0,40,7,0
72,2,53684,15,10,2,10,0,2,1,0,0,40,35,0
44,2,193494,15,10,2,13,0,4,1,0,0,72,35,1
47,4,166894,15,10,0,9,4,2,0,0,0,40,35,0
34,3,157466,11,9,2,0,0,4,1,0,0,45,35,0
42,2,175943,9,13,4,0,3,4,0,0,0,35,35,0
33,2,93213,11,9,2,2,0,4,1,0,0,45,35,0
73,4,228899,5,4,4,0,1,4,0,0,0,99,35,0
31,2,217962,15,10,4,10,2,2,1,0,0,40,35,0
20,2,105312,11,9,4,11,1,4,0,0,0,35,35,0
33,2,292465,6,5,2,6,0,4,1,0,0,50,35,0
55,2,32365,9,13,2,3,0,4,1,0,0,45,35,1
42,2,102988,12,14,2,9,0,4,1,0,0,55,6,1
54,2,230767,7,12,2,2,0,4,1,0,0,40,4,0
61,4,111563,9,13,2,4,0,4,1,0,0,20,35,1
55,2,136819,9,13,2,2,0,4,1,0,0,40,35,0
25,1,112835,12,14,4,10,1,4,1,0,0,40,35,0
60,2,141221,9,13,2,2,0,1,1,0,2163,25,31,0
80,2,91901,11,9,2,2,0,4,1,0,0,25,35,0
63,3,272425,8,11,2,3,0,4,1,0,0,40,35,1
55,2,487411,12,14,2,2,0,4,1,0,0,40,35,1
28,2,68021,9,13,0,9,1,4,0,0,0,40,35,0
35,5,227128,11,9,0,2,3,4,1,0,0,40,35,0
29,2,51944,11,9,2,7,5,4,0,4386,0,40,35,1
77,4,34761,5,4,2,4,0,4,1,0,0,40,35,0
41,1,98823,9,13,2,9,0,4,1,0,0,50,35,0
63,2,68954,11,9,6,2,1,2,0,0,0,11,35,0
35,2,233786,11,9,4,2,4,4,1,0,0,40,35,0
36,2,172129,6,5,2,5,0,4,1,0,0,40,35,0
27,2,130807,7,12,2,12,0,4,1,0,0,40,35,0
30,1,226443,12,14,2,9,0,4,1,0,1887,45,35,1
43,2,214781,15,10,4,0,4,4,1,0,0,38,35,1
23,2,185452,9,13,4,3,1,4,0,0,0,35,1,0
34,4,581025,6,5,4,7,3,2,1,0,0,38,35,0
81,2,364099,15,10,0,0,1,4,0,0,0,20,35,0
19,2,138917,15,10,4,11,3,2,0,0,0,20,35,0
28,2,209109,9,13,0,3,1,4,1,0,0,40,35,0
33,0,129707,15,10,4,3,1,4,1,0,0,50,35,0
65,2,123965,9,13,6,7,1,4,0,0,0,40,35,0
33,2,409172,9,13,2,3,3,4,1,0,0,55,35,0
47,2,148995,9,13,2,3,0,4,1,0,2415,60,35,1
74,2,99183,15,10,0,0,1,4,0,0,0,9,35,0
73,2,88594,11,9,0,3,1,4,0,0,0,35,35,0
49,1,192349,12,14,4,9,1,4,0,4650,0,40,35,0
74,4,392886,11,9,6,4,1,4,0,0,0,14,35,0
59,2,556688,6,5,0,2,1,4,0,0,0,12,35,0
37,1,108540,11,9,2,2,0,4,1,0,0,40,35,0
80,2,91901,11,9,2,2,0,4,1,0,0,25,35,0
84,2,157778,15,10,6,2,1,4,0,0,0,6,35,0
51,0,72436,11,9,2,3,0,4,1,0,0,57,35,1
75,2,248833,11,9,1,2,5,4,0,2653,0,14,35,0
59,2,556688,6,5,0,2,1,4,0,0,0,12,35,0
79,1,84616,1,7,2,3,0,4,1,0,0,7,35,0
20,2,244689,15,10,4,2,1,4,0,0,0,25,35,0
21,2,143582,9,13,4,9,3,1,0,0,0,45,35,0
61,2,149620,15,10,0,7,1,2,1,0,0,40,35,0
20,2,170038,11,9,4,11,1,4,0,0,0,40,35,0
63,4,194638,11,9,2,2,0,4,1,0,0,32,35,0
82,4,240491,11,9,2,2,0,4,1,0,0,40,4,0
74,2,99183,15,10,0,0,1,4,0,0,0,9,35,0
58,2,104613,7,12,2,3,0,4,1,0,0,50,35,1
55,2,102058,9,13,2,11,0,4,1,0,0,40,35,1
66,4,174788,15,10,4,11,1,4,0,0,0,20,35,0
80,2,91901,11,9,2,2,0,4,1,0,0,25,35,0
49,0,118701,11,9,0,0,4,2,0,0,0,40,35,0
43,2,398959,15,10,2,2,0,4,1,0,0,40,35,0
31,2,118941,15,10,4,3,1,4,0,0,0,40,35,1
51,2,215404,9,13,2,9,0,0,1,15024,0,40,35,1
37,2,305379,9,13,2,3,0,4,1,0,0,50,35,1
59,2,200316,11,9,2,2,0,4,1,0,0,40,35,0
65,2,123965,9,13,6,7,1,4,0,0,0,40,35,0
50,2,226735,15,10,2,10,0,2,1,0,0,70,35,1
77,2,185426,11,9,2,2,0,4,1,0,0,15,35,0
35,2,148581,11,9,2,2,0,4,1,0,1740,40,35,0
45,2,167381,11,9,0,11,4,4,0,0,0,32,35,0
71,2,77253,11,9,4,5,1,4,1,0,0,17,35,0
84,2,157778,15,10,6,2,1,4,0,0,0,6,35,0
79,1,84616,1,7,2,3,0,4,1,0,0,7,35,0
62,2,139391,15,10,2,2,0,4,1,0,0,24,35,0
38,2,154641,8,11,2,2,0,4,1,0,0,40,35,0
68,2,34887,11,9,6,8,1,4,0,0,0,6,35,0
65,3,103824,12,14,2,3,0,4,1,0,0,40,35,1
82,4,240491,11,9,2,2,0,4,1,0,0,40,4,0
50,2,176773,13,1,2,4,0,2,1,0,0,40,13,0
62,0,34916,15,10,2,9,0,4,1,0,0,40,35,1
37,2,168941,1,7,0,2,1,4,1,0,0,40,35,0
47,0,87504,9,13,0,12,4,4,0,0,0,50,35,0
41,2,34037,11,9,4,5,1,4,1,0,0,40,35,0
65,3,103824,12,14,2,3,0,4,1,0,0,40,35,1
34,2,290763,11,9,0,5,3,4,0,0,0,40,35,0
67,4,268514,9,13,0,9,1,4,1,0,0,40,35,0
63,2,339755,9,13,2,9,0,4,1,0,0,50,35,1
21,2,369084,15,10,4,2,2,4,1,0,0,10,35,0
82,4,240491,11,9,2,2,0,4,1,0,0,40,4,0
33,4,132565,1,7,2,2,0,4,1,0,0,40,35,0
32,2,118551,9,13,2,0,5,4,0,0,0,35,35,1
27,2,137063,9,13,2,11,0,4,1,0,0,50,35,0
28,2,108706,11,9,2,12,5,4,0,0,0,40,35,1
71,2,77253,11,9,4,5,1,4,1,0,0,17,35,0
65,2,266081,11,9,2,2,0,4,1,0,0,40,35,0
37,2,324947,9,13,2,5,0,4,1,0,0,40,35,0
42,2,163985,11,9,5,13,1,4,1,0,0,27,35,0
82,4,240491,11,9,2,2,0,4,1,0,0,40,4,0
64,2,182979,11,9,2,6,0,4,1,0,0,40,35,0
18,2,183824,2,8,4,7,3,4,1,0,0,30,35,0
43,2,39581,11,9,4,7,1,2,0,0,0,45,35,0
37,2,69251,15,10,2,13,0,1,1,0,0,40,35,0
83,3,153183,9,13,2,3,0,4,1,0,2392,55,35,1
22,0,277700,15,10,4,12,3,4,1,0,0,20,35,0
64,2,285052,15,10,6,3,1,4,0,0,0,10,35,0
42,2,70037,12,14,4,9,1,4,1,0,0,50,35,0
37,2,35330,11,9,0,2,1,4,1,0,1669,55,35,0
62,2,211408,8,11,2,12,0,4,1,0,0,40,35,1
19,2,287380,15,10,4,5,3,4,1,0,0,27,35,0
84,2,157778,15,10,6,2,1,4,0,0,0,6,35,0
33,2,152933,15,10,4,3,1,4,1,0,0,45,35,0
36,5,47570,12,14,4,9,1,4,0,0,0,40,35,0
34,2,154548,15,10,4,0,4,4,0,0,0,38,35,0
27,1,163320,7,12,4,10,3,4,1,0,0,40,35,0
63,2,205246,11,9,2,6,0,2,1,0,0,40,35,0
29,2,193125,11,9,4,6,1,4,0,0,0,40,35,0
73,4,228899,5,4,4,0,1,4,0,0,0,99,35,0
64,4,136405,11,9,6,4,1,4,1,0,0,32,35,0
45,2,105779,11,9,2,2,0,4,1,0,0,30,35,0
69,4,187332,14,15,2,9,0,4,1,20051,0,45,35,1
44,2,139338,2,8,0,13,4,2,1,0,0,40,35,0
41,2,233955,12,14,2,9,0,1,1,0,0,45,2,1
60,2,389254,11,9,2,11,0,4,1,0,0,40,35,1
69,2,185691,1,7,2,0,0,4,1,0,0,20,35,0
42,2,168515,8,11,0,9,1,4,0,0,0,40,35,0
73,4,228899,5,4,4,0,1,4,0,0,0,99,35,0
26,4,218993,9,13,4,9,3,4,1,0,0,30,35,0
60,2,200235,8,11,0,9,4,4,0,0,0,40,35,0
57,2,112840,12,14,2,9,0,4,1,0,0,55,35,1
42,2,190910,11,9,2,2,0,4,1,0,0,45,35,0
81,2,364099,15,10,0,0,1,4,0,0,0,20,35,0
27,1,332249,11,9,4,4,3,4,1,0,0,40,35,0
49,4,192203,6,5,2,2,0,4,1,0,0,40,1,0
47,5,469907,7,12,2,10,0,4,1,0,1740,40,35,0
84,2,157778,15,10,6,2,1,4,0,0,0,6,35,0
68,2,214521,14,15,6,9,4,4,0,0,0,16,35,0
73,2,88594,11,9,0,3,1,4,0,0,0,35,35,0
46,2,360593,12,14,0,9,1,4,1,4650,0,44,35,0
64,2,192596,11,9,6,0,1,4,0,0,0,30,35,0
18,2,228216,11,9,4,5,3,4,1,0,0,20,35,0
22,2,89991,15,10,4,7,3,4,0,0,0,11,35,0
33,2,56701,9,13,2,9,0,4,1,15024,0,75,35,1
37,2,234807,9,13,0,3,4,4,0,7430,0,45,35,1
60,2,142494,15,10,2,3,0,4,1,15024,0,40,35,1
33,1,83671,9,13,4,9,1,2,0,0,0,50,35,0
62,2,263374,8,11,2,2,0,4,1,0,0,40,1,0
57,2,279636,8,11,4,2,1,4,1,0,0,40,35,1
72,2,53684,15,10,2,10,0,2,1,0,0,40,35,0
61,0,230545,11,9,4,0,4,4,0,0,0,35,29,0
57,0,250873,11,9,2,13,0,4,1,0,0,40,35,0
28,2,186672,11,9,4,0,1,2,1,0,0,40,21,0
47,1,319205,15,10,0,0,4,4,0,0,0,40,35,0
61,4,111563,9,13,2,4,0,4,1,0,0,20,35,1
27,5,301302,10,16,3,12,1,4,1,0,0,20,35,0
36,2,218490,9,13,2,9,0,4,1,0,0,45,10,1
58,4,31732,9,13,2,3,0,4,1,0,0,50,35,0
46,2,110646,7,12,2,0,5,4,0,0,0,56,35,0
43,2,248186,7,12,4,0,1,4,0,0,0,38,35,0
40,3,102576,12,14,2,9,0,2,1,0,0,55,34,0
30,1,48542,2,8,2,0,5,4,0,0,0,40,35,0
35,2,102268,9,13,2,3,0,4,1,0,0,45,35,0
21,2,55465,7,12,4,7,2,4,1,0,0,15,35,0
29,5,73928,9,13,4,9,3,1,0,0,0,15,35,0
33,2,213002,9,13,4,9,1,4,1,0,1408,36,35,0
51,2,179479,11,9,6,3,1,4,0,3325,0,40,37,0
25,2,120596,9,13,4,9,1,4,1,0,0,44,35,0
64,2,181232,1,7,2,2,0,4,1,0,2179,40,35,0
46,4,82572,11,9,6,7,2,4,0,0,0,40,35,0
40,2,210013,11,9,2,13,0,4,1,0,0,50,35,0
34,2,152453,2,8,2,2,0,4,1,0,0,40,12,0
75,2,95985,4,3,6,7,4,2,1,0,0,10,35,0
28,2,232945,11,9,5,5,1,3,1,0,0,30,35,0
26,2,49092,11,9,2,2,0,4,1,0,0,40,35,0
58,2,206814,9,13,2,0,0,4,1,7688,0,50,35,1
42,2,176286,7,12,2,3,0,4,1,0,0,40,35,1
31,2,292592,11,9,2,6,5,4,0,0,0,40,35,0
43,2,139277,11,9,6,2,4,4,0,0,0,40,20,0
23,2,163665,15,10,4,11,3,4,0,0,0,15,35,0
43,1,323627,15,10,4,3,1,4,0,0,0,12,35,0
44,5,46221,10,16,4,9,1,4,1,0,0,45,35,1
45,2,38950,9,13,4,2,1,4,1,0,0,40,35,0
26,2,206721,9,13,4,11,3,4,1,0,0,50,35,0
36,2,138441,15,10,4,6,3,4,1,0,0,40,35,0
31,2,208881,15,10,2,2,0,4,1,0,0,40,35,0
81,2,55314,9,13,2,0,0,4,1,0,0,4,35,1
30,4,113838,8,11,2,11,0,4,1,3137,0,60,10,0
57,2,279636,8,11,4,2,1,4,1,0,0,40,35,1
66,3,107627,11,9,2,11,0,4,1,0,0,60,35,1
27,2,266973,11,9,2,2,0,4,1,0,0,60,35,0
21,2,236696,15,10,4,7,1,4,1,0,0,57,35,0
45,2,59287,9,13,2,3,0,4,1,0,0,40,35,0
59,2,318450,9,13,2,3,0,4,1,0,0,50,35,1
80,2,91901,11,9,2,2,0,4,1,0,0,25,35,0
70,2,221603,15,10,6,11,1,4,0,0,0,34,35,0
80,2,91901,11,9,2,2,0,4,1,0,0,25,35,0
22,2,34616,15,10,4,11,1,4,0,0,0,30,35,0
48,1,452402,10,16,4,9,4,2,0,0,0,15,35,0
54,2,104421,15,10,0,0,1,4,0,0,0,40,35,0
70,2,236055,5,4,6,7,1,4,0,0,0,35,35,0
21,2,228424,0,6,4,2,3,2,1,0,0,40,35,0
19,2,249787,11,9,4,7,2,2,1,0,0,40,35,0
45,5,276157,9,13,2,9,0,4,1,0,0,40,35,1
36,2,189674,15,10,5,7,2,2,0,0,0,40,35,0
31,2,307375,15,10,4,7,1,0,0,0,0,40,35,0
33,2,198727,11,9,0,12,1,4,0,0,0,40,35,0
66,4,174788,15,10,4,11,1,4,0,0,0,20,35,0
66,4,174788,15,10,4,11,1,4,0,0,0,20,35,0
42,2,247019,11,9,2,2,0,2,1,0,0,40,35,1
79,1,84616,1,7,2,3,0,4,1,0,0,7,35,0
50,2,178946,12,14,2,9,0,4,1,0,0,50,35,1
61,2,149620,15,10,0,7,1,2,1,0,0,40,35,0
60,2,160625,11,9,2,9,0,4,1,5013,0,40,35,0
19,2,302229,11,9,4,2,3,2,1,0,0,10,35,0
56,4,170217,11,9,2,4,0,4,1,0,0,45,35,0
71,2,77253,11,9,4,5,1,4,1,0,0,17,35,0
51,2,129301,6,5,2,13,0,4,1,0,0,45,35,0
61,0,230545,11,9,4,0,4,4,0,0,0,35,29,0
80,2,91901,11,9,2,2,0,4,1,0,0,25,35,0
43,5,129298,12,14,2,3,0,4,1,0,0,40,35,1
17,2,317702,6,5,4,7,3,2,0,0,0,40,35,0
57,2,562558,11,9,0,0,4,4,0,0,0,40,35,0
53,2,135105,9,13,0,2,1,4,0,0,0,50,35,0
17,2,221797,2,8,4,0,3,4,0,594,0,20,35,0
66,2,188842,9,13,2,2,0,4,1,0,0,24,35,0
38,1,286405,10,16,2,3,0,4,1,0,1887,50,35,1
20,2,323009,11,9,4,0,4,4,0,0,0,40,10,0
63,1,86590,11,9,2,3,5,4,0,0,0,32,35,0
82,4,240491,11,9,2,2,0,4,1,0,0,40,4,0
81,2,364099,15,10,0,0,1,4,0,0,0,20,35,0
72,2,225780,10,16,4,9,1,4,1,0,0,30,35,0
41,2,88368,11,9,4,11,1,4,0,0,0,50,35,0
55,2,32365,9,13,2,3,0,4,1,0,0,45,35,1
64,2,285052,15,10,6,3,1,4,0,0,0,10,35,0
17,2,169037,1,7,4,5,3,4,1,0,0,40,35,0
36,2,358373,11,9,5,6,1,2,0,0,0,36,35,0
66,2,127921,11,9,4,13,1,4,1,2050,0,55,35,0
43,3,196945,11,9,2,7,0,1,1,0,0,78,33,0
81,2,364099,15,10,0,0,1,4,0,0,0,20,35,0
77,2,185426,11,9,2,2,0,4,1,0,0,15,35,0
46,4,82572,11,9,6,7,2,4,0,0,0,40,35,0
50,1,220640,12,14,0,9,1,0,0,0,0,50,35,1
80,2,91901,11,9,2,2,0,4,1,0,0,25,35,0
21,2,228424,0,6,4,2,3,2,1,0,0,40,35,0
28,2,70240,12,14,4,11,3,1,0,0,0,36,26,0
73,2,88594,11,9,0,3,1,4,0,0,0,35,35,0
35,2,77146,8,11,0,3,1,4,1,0,0,45,35,0
44,4,172479,11,9,2,4,0,4,1,15024,0,60,35,1
83,3,153183,9,13,2,3,0,4,1,0,2392,55,35,1
32,2,193042,14,15,2,11,0,4,1,15024,0,60,35,1
26,2,179569,15,10,4,0,1,4,0,0,0,40,35,0
72,2,107814,12,14,4,9,1,4,1,2329,0,60,35,0
61,0,230545,11,9,4,0,4,4,0,0,0,35,29,0
82,4,240491,11,9,2,2,0,4,1,0,0,40,4,0
45,2,232586,15,10,2,2,0,4,1,0,0,50,35,1
22,2,54560,11,9,2,13,0,4,1,0,0,60,35,0
51,3,230095,8,11,4,0,3,4,0,0,0,40,35,0
24,2,190293,9,13,4,3,1,4,0,0,0,40,35,0
66,4,37170,11,9,2,0,0,4,1,0,0,42,35,1
71,4,172046,5,4,2,4,0,4,1,0,0,50,35,0
66,5,41506,0,6,0,7,1,2,0,0,0,40,35,0
77,2,185426,11,9,2,2,0,4,1,0,0,15,35,0
58,2,289364,15,10,2,3,0,4,1,7688,0,45,35,1
41,2,34278,8,11,5,7,1,4,1,0,0,40,35,0
68,3,140852,11,9,2,11,0,4,1,0,0,40,35,0
29,2,174645,1,7,0,2,4,4,0,0,0,52,35,0
65,2,190454,1,7,2,2,0,4,1,0,0,29,35,0
65,2,204042,11,9,0,10,1,4,1,0,0,20,35,0
27,2,210313,11,9,2,11,0,4,1,0,0,50,12,0
26,2,160300,11,9,3,10,1,4,1,0,0,40,35,0
18,4,230373,1,7,4,7,3,4,0,594,0,4,35,0
50,4,42402,14,15,2,9,0,4,1,0,2415,30,35,1
79,1,84616,1,7,2,3,0,4,1,0,0,7,35,0
41,2,289551,11,9,2,5,0,4,1,7688,0,40,35,1
39,4,289430,4,3,2,4,0,4,1,0,0,50,24,0
41,4,188738,11,9,0,2,4,4,1,0,0,27,35,0
47,0,326048,11,9,2,2,0,4,1,0,0,40,35,0
84,2,157778,15,10,6,2,1,4,0,0,0,6,35,0
19,2,138917,15,10,4,11,3,2,0,0,0,20,35,0
72,2,305145,9,13,6,2,1,4,1,0,0,4,35,0
62,4,168682,5,4,2,11,0,4,1,0,0,5,35,0
26,2,104756,11,9,1,2,5,4,0,0,1651,42,35,0
51,2,157327,4,3,2,2,0,2,1,0,0,8,35,0
19,2,168693,11,9,4,11,3,4,0,0,0,25,35,0
68,2,99849,11,9,6,6,1,4,0,0,0,28,35,0
37,2,212437,15,10,6,6,4,2,0,0,0,48,35,0
58,2,206814,9,13,2,0,0,4,1,7688,0,50,35,1
82,4,240491,11,9,2,2,0,4,1,0,0,40,4,0
83,3,153183,9,13,2,3,0,4,1,0,2392,55,35,1
73,2,88594,11,9,0,3,1,4,0,0,0,35,35,0
75,2,95985,4,3,6,7,4,2,1,0,0,10,35,0
59,2,172618,15,10,0,11,1,4,1,0,0,56,35,0
75,2,95985,4,3,6,7,4,2,1,0,0,10,35,0
37,2,176967,15,10,2,2,0,4,1,0,0,50,35,1
44,4,92162,11,9,0,2,1,4,1,0,0,40,35,0
67,2,102693,11,9,6,2,1,4,1,1086,0,35,35,0
35,2,109204,9,13,2,13,0,4,1,0,0,40,35,0
55,2,125147,11,9,2,3,0,4,1,0,0,45,35,1
61,2,87300,11,9,0,7,1,4,0,0,0,40,35,0
54,2,176240,12,14,2,13,0,4,1,7688,0,60,35,1
81,2,55314,9,13,2,0,0,4,1,0,0,4,35,1
75,2,248833,11,9,1,2,5,4,0,2653,0,14,35,0
61,2,87300,11,9,0,7,1,4,0,0,0,40,35,0
75,2,95985,4,3,6,7,4,2,1,0,0,10,35,0
17,2,35603,1,7,4,2,3,4,0,0,0,16,35,0
71,2,77253,11,9,4,5,1,4,1,0,0,17,35,0
20,2,390817,4,3,4,5,1,4,1,0,0,25,24,0
51,2,124963,9,13,2,11,0,4,1,0,0,40,35,1
66,2,127921,11,9,4,13,1,4,1,2050,0,55,35,0
52,2,349502,15,10,4,0,4,4,1,0,0,45,35,0
55,5,111130,7,12,0,0,3,1,1,0,0,40,35,0
31,2,178841,11,9,4,0,1,4,0,0,0,40,35,0
29,2,131913,15,10,4,0,2,2,0,0,0,40,35,0
51,4,22154,15,10,0,0,1,4,1,0,0,40,35,0
44,4,22933,11,9,2,3,0,4,1,0,0,40,35,0
26,2,159897,15,10,4,3,4,2,0,0,0,40,35,0
23,2,55492,8,11,4,2,1,0,0,0,0,30,35,0
56,1,238582,15,10,2,2,0,4,1,0,0,41,35,1
28,2,187981,11,9,2,6,0,4,1,0,0,40,35,0
27,2,163127,8,11,2,0,5,4,0,0,0,35,35,0
80,2,91901,11,9,2,2,0,4,1,0,0,25,35,0
30,4,455995,1,7,4,2,1,4,1,0,0,45,35,1
38,4,195686,11,9,5,3,4,4,1,0,0,25,35,0
22,2,34616,15,10,4,11,1,4,0,0,0,30,35,0
34,2,41493,9,13,0,2,3,4,0,0,0,40,35,0
23,2,39615,15,10,4,5,3,4,1,0,0,10,35,0
47,2,158286,12,14,2,3,0,4,1,0,0,50,35,1
54,2,183611,15,10,2,11,0,4,1,3137,0,50,35,0
26,2,167848,11,9,4,6,1,2,1,0,0,40,35,0
25,2,109009,1,7,2,2,0,4,1,0,0,40,35,0
62,2,122033,11,9,6,0,1,4,0,0,0,38,35,0
81,2,364099,15,10,0,0,1,4,0,0,0,20,35,0
17,2,256496,0,6,4,2,3,4,1,0,0,35,35,0
17,2,19752,1,7,4,7,3,2,0,0,0,25,35,0
39,2,144688,11,9,2,0,5,2,0,0,0,50,35,0
59,2,200316,11,9,2,2,0,4,1,0,0,40,35,0
54,2,140359,5,4,0,6,4,4,0,0,3900,40,35,0
32,2,149787,8,11,2,2,0,4,1,0,0,50,35,1
72,2,107814,12,14,4,9,1,4,1,2329,0,60,35,0
64,2,477697,11,9,2,3,0,4,1,0,0,16,35,0
73,4,228899,5,4,4,0,1,4,0,0,0,99,35,0
53,2,114758,12,14,2,3,0,4,1,15024,0,65,35,1
72,2,53684,15,10,2,10,0,2,1,0,0,40,35,0
22,2,202153,15,10,4,7,3,4,0,0,0,40,35,0
32,1,178107,11,9,4,4,3,4,1,0,0,40,35,0
77,4,34761,5,4,2,4,0,4,1,0,0,40,35,0
33,2,340332,9,13,5,3,1,2,0,0,0,45,35,0
32,2,198901,0,6,2,2,0,4,1,0,0,40,35,0
50,2,200046,12,14,2,3,0,4,1,0,0,50,35,1
58,4,95763,15,10,2,4,0,4,1,0,0,60,35,0
47,0,68493,11,9,2,0,0,2,1,0,0,40,35,1
42,2,167678,1,7,2,2,0,4,1,0,0,22,6,0
42,4,222978,10,16,4,9,1,4,0,0,0,45,35,0
47,4,294671,11,9,2,11,0,4,1,0,0,55,35,1
29,2,250679,11,9,4,2,1,4,1,0,0,40,35,0
39,2,188069,12,14,2,12,0,4,1,15024,0,50,35,1
61,2,87300,11,9,0,7,1,4,0,0,0,40,35,0
70,2,236055,5,4,6,7,1,4,0,0,0,35,35,0
80,2,91901,11,9,2,2,0,4,1,0,0,25,35,0
74,2,99183,15,10,0,0,1,4,0,0,0,9,35,0
29,0,185670,9,13,2,9,0,4,1,0,0,40,35,0
64,2,144182,11,9,6,9,1,4,0,0,0,23,35,0
63,4,194638,11,9,2,2,0,4,1,0,0,32,35,0
19,2,287380,15,10,4,5,3,4,1,0,0,27,35,0
67,4,75140,11,9,2,4,0,4,1,0,0,25,35,0
48,5,78529,12,14,5,9,1,4,1,0,0,60,35,0
59,2,200316,11,9,2,2,0,4,1,0,0,40,35,0
56,1,391926,11,9,2,3,0,4,1,0,0,40,35,0
70,2,174032,11,9,2,11,0,4,1,0,0,40,35,0
67,4,217892,10,16,2,9,0,4,1,10605,0,35,35,1
40,3,214781,15,10,2,3,0,4,1,7298,0,65,35,1
51,2,93690,11,9,2,3,0,4,1,0,0,40,35,1
53,2,133963,11,9,0,2,1,4,0,0,0,40,35,0
51,2,205884,15,10,2,12,5,4,0,0,0,40,35,1
24,2,163665,11,9,4,7,1,4,0,2174,0,40,35,0
75,2,95985,4,3,6,7,4,2,1,0,0,10,35,0
64,5,184271,10,16,2,9,0,4,1,0,0,50,35,1
71,4,172046,5,4,2,4,0,4,1,0,0,50,35,0
58,2,234213,11,9,0,2,1,4,1,14344,0,48,35,1
18,2,205894,1,7,4,11,3,4,1,0,0,15,35,0
23,2,99408,15,10,0,0,3,4,0,0,0,40,35,0
69,2,185691,1,7,2,0,0,4,1,0,0,20,35,0
70,2,174032,11,9,2,11,0,4,1,0,0,40,35,0
74,4,392886,11,9,6,4,1,4,0,0,0,14,35,0
51,0,163671,9,13,2,3,0,4,1,0,1902,40,35,0
73,2,88594,11,9,0,3,1,4,0,0,0,35,35,0
44,4,230684,11,9,2,13,0,4,1,0,0,55,35,0
30,2,149427,6,5,4,2,3,4,1,0,0,45,35,0
34,2,159442,11,9,4,9,1,4,0,0,0,37,19,1
50,2,279461,15,10,2,13,0,4,1,0,0,40,35,1
29,2,360401,15,10,4,5,3,4,1,0,1719,48,35,0
37,5,151322,9,13,4,9,1,4,1,0,0,40,35,0
47,1,40690,15,10,0,2,1,4,1,0,0,40,35,0
48,4,175622,8,11,2,2,0,4,1,0,0,40,35,1
30,1,44566,9,13,2,9,0,4,1,0,0,40,35,0
30,2,189439,11,9,3,7,4,2,0,0,0,38,35,0
83,3,153183,9,13,2,3,0,4,1,0,2392,55,35,1
53,2,303462,11,9,2,6,0,4,1,0,0,30,35,0
60,2,39263,12,14,4,3,1,4,0,3325,0,35,35,0
31,2,145377,9,13,2,11,0,4,1,0,0,60,35,0
49,1,59612,12,14,2,9,0,4,1,0,0,40,35,1
51,2,427781,11,9,2,13,0,2,1,0,0,40,35,0
34,0,341051,12,14,2,0,0,4,1,0,0,50,35,1
48,2,128796,7,12,2,3,0,4,1,0,0,40,35,1
23,2,161478,15,10,4,7,3,1,0,0,0,23,35,0
83,3,153183,9,13,2,3,0,4,1,0,2392,55,35,1
35,2,187089,8,11,2,3,5,4,0,0,0,42,35,1
61,2,131117,11,9,6,13,4,4,0,0,0,40,29,0
42,2,222884,9,13,4,3,1,4,1,0,0,55,35,1
70,2,221603,15,10,6,11,1,4,0,0,0,34,35,0
51,2,202752,2,8,5,13,1,2,1,0,0,40,35,0
58,2,200040,11,9,2,2,0,4,1,0,0,40,35,0
20,2,61777,15,10,2,11,0,4,1,0,0,30,35,0
69,2,473040,4,3,0,2,1,4,1,0,0,40,35,0
81,2,55314,9,13,2,0,0,4,1,0,0,4,35,1
25,2,126974,11,9,4,2,3,4,1,0,0,40,35,0
20,2,400443,11,9,4,11,3,4,0,0,0,20,35,0
32,2,128002,8,11,2,0,5,4,0,0,0,45,35,0
50,4,240612,9,13,0,9,1,4,0,0,0,60,35,0
27,2,388998,9,13,4,11,1,4,1,13550,0,46,35,1
27,2,333990,8,11,4,3,3,4,0,0,0,40,35,0
53,2,153486,11,9,5,13,1,4,1,0,0,30,35,0
29,2,191935,11,9,4,2,1,4,1,0,0,40,35,0
44,2,33895,11,9,0,7,4,4,0,0,0,40,35,0
17,4,103851,1,7,4,9,3,4,0,0,0,4,35,0
36,1,188798,1,7,5,9,4,3,0,0,0,30,35,0
19,2,168693,11,9,4,11,3,4,0,0,0,25,35,0
59,4,98418,11,9,2,4,0,4,1,0,0,20,35,0
19,2,768659,15,10,4,2,1,4,1,0,0,60,35,0
49,4,39140,11,9,2,4,0,4,1,0,0,60,35,0
37,4,225860,7,12,3,4,1,4,1,0,0,50,35,0
20,2,368832,15,10,4,7,1,4,0,0,0,25,35,0
83,3,153183,9,13,2,3,0,4,1,0,2392,55,35,1
67,2,116502,11,9,2,11,0,4,1,0,0,30,35,0
60,4,95490,11,9,2,11,0,4,1,0,0,45,35,0
84,2,157778,15,10,6,2,1,4,0,0,0,6,35,0
23,2,394612,9,13,4,12,3,2,1,0,0,40,35,0
36,2,218490,9,13,2,9,0,4,1,0,0,45,10,1
70,4,143833,15,10,2,3,0,4,1,0,2246,40,35,1
40,2,329924,11,9,5,5,1,2,1,0,0,30,35,0
51,1,134808,11,9,6,7,4,4,0,0,0,40,35,0
83,3,153183,9,13,2,3,0,4,1,0,2392,55,35,1
72,2,225780,10,16,4,9,1,4,1,0,0,30,35,0
29,2,24562,9,13,0,7,4,3,0,0,0,40,35,0
28,2,230743,7,12,0,0,1,4,0,0,0,40,35,0
49,4,192203,6,5,2,2,0,4,1,0,0,40,1,0
48,2,80651,11,9,0,6,1,4,0,0,0,55,35,0
31,2,219117,15,10,0,3,4,4,0,5455,0,60,35,0
59,2,556688,6,5,0,2,1,4,0,0,0,12,35,0
63,3,272425,8,11,2,3,0,4,1,0,0,40,35,1
33,2,185177,11,9,4,6,1,4,1,0,0,40,35,0
72,2,194548,15,10,3,2,1,4,1,0,0,3,35,0
72,4,473748,11,9,2,11,0,4,1,0,0,30,35,0
62,2,149617,15,10,6,3,1,4,0,0,0,16,35,0
67,4,152102,11,9,6,4,1,4,1,0,0,65,35,0
73,2,88594,11,9,0,3,1,4,0,0,0,35,35,0
54,3,206862,11,9,2,3,0,4,1,0,0,36,35,1
27,5,301302,10,16,3,12,1,4,1,0,0,20,35,0
52,2,106176,9,13,0,0,4,4,1,0,3770,40,35,0
20,2,138768,11,9,4,13,3,4,1,0,0,30,35,0
81,2,55314,9,13,2,0,0,4,1,0,0,4,35,1
32,2,269182,15,10,5,12,4,2,0,3887,0,40,35,0
47,2,140664,9,13,0,11,1,4,1,0,0,45,35,0
43,2,139277,11,9,6,2,4,4,0,0,0,40,20,0
27,2,311446,15,10,4,0,1,4,0,0,0,60,10,0
68,2,211287,12,14,2,3,0,4,1,0,2392,40,35,1
38,2,218188,7,12,4,7,3,4,0,0,0,25,35,0
63,2,143098,11,9,2,11,0,4,1,4064,0,40,35,0
54,2,447555,0,6,2,13,0,2,1,0,0,40,35,0
65,2,176219,11,9,3,7,1,1,1,0,0,40,31,0
70,2,221603,15,10,6,11,1,4,0,0,0,34,35,0
29,2,207473,5,4,2,13,0,4,1,0,0,40,24,0
46,2,187370,9,13,4,11,1,4,1,0,1504,40,35,0
25,3,160261,9,13,4,3,3,1,1,0,0,35,32,0
63,2,310396,6,5,2,2,0,4,1,5178,0,40,35,1
71,2,77253,11,9,4,5,1,4,1,0,0,17,35,0
21,2,313873,4,3,4,5,1,4,1,0,0,40,24,0
26,2,245628,1,7,4,5,4,4,1,0,0,20,35,0
81,2,364099,15,10,0,0,1,4,0,0,0,20,35,0
46,2,173243,15,10,2,12,0,4,1,5178,0,40,35,1
79,1,84616,1,7,2,3,0,4,1,0,0,7,35,0
19,2,355313,11,9,4,6,1,4,0,0,0,40,35,0
62,2,159474,11,9,2,6,0,4,1,0,0,50,35,0
41,2,202872,0,6,3,2,1,4,0,0,0,40,35,0
77,4,34761,5,4,2,4,0,4,1,0,0,40,35,0
73,4,228899,5,4,4,0,1,4,0,0,0,99,35,0
21,1,176998,11,9,4,9,1,4,1,0,0,40,35,0
19,2,43937,15,10,4,7,2,4,0,0,0,20,35,0
25,2,194342,11,9,4,6,3,4,1,0,0,40,35,0
19,2,264876,11,9,4,5,3,4,1,0,0,40,35,0
50,2,98954,15,10,2,4,0,4,1,0,0,40,35,1
57,2,211678,0,6,0,0,1,4,1,0,0,64,35,0
48,5,106377,10,16,2,9,0,4,1,0,0,65,35,1
69,4,187332,14,15,2,9,0,4,1,20051,0,45,35,1
48,2,108699,11,9,4,0,1,4,0,0,0,40,35,0
77,2,185426,11,9,2,2,0,4,1,0,0,15,35,0
60,2,108969,0,6,2,2,0,4,1,0,0,50,35,0
48,2,355781,9,13,2,9,0,1,1,0,0,40,17,1
47,2,270079,5,4,2,2,0,4,1,0,0,40,35,0
80,2,91901,11,9,2,2,0,4,1,0,0,25,35,0
82,4,240491,11,9,2,2,0,4,1,0,0,40,4,0
66,4,174788,15,10,4,11,1,4,0,0,0,20,35,0
28,2,70240,12,14,4,11,3,1,0,0,0,36,26,0
17,2,271837,15,10,4,2,3,4,1,0,0,16,35,0
33,2,182423,11,9,0,7,4,2,1,0,0,40,35,0
81,2,364099,15,10,0,0,1,4,0,0,0,20,35,0
51,2,176969,11,9,2,6,0,4,1,0,0,48,35,0
54,2,147863,8,11,2,2,0,1,1,5013,0,40,36,0
20,3,245611,15,10,4,2,3,4,1,0,0,20,35,0
55,2,189933,15,10,2,13,0,4,1,0,0,84,35,0
56,4,170217,11,9,2,4,0,4,1,0,0,45,35,0
50,2,24790,11,9,2,2,0,4,1,0,0,40,35,0
25,1,336320,9,13,0,10,1,4,0,0,0,40,35,0
41,1,66118,15,10,2,13,5,4,0,0,0,25,35,0
23,2,349156,11,9,4,4,1,4,1,0,0,45,35,0
80,2,91901,11,9,2,2,0,4,1,0,0,25,35,0
28,2,144063,11,9,2,3,0,4,1,0,0,40,35,0
83,3,153183,9,13,2,3,0,4,1,0,2392,55,35,1
65,4,144822,6,5,2,2,0,4,1,0,0,45,35,0
18,1,159032,5,4,4,4,3,4,1,0,0,40,35,0
62,0,52765,6,5,0,7,4,4,0,0,0,40,35,0
64,2,477697,11,9,2,3,0,4,1,0,0,16,35,0
58,2,150560,9,13,0,0,1,4,0,14084,0,40,35,1
52,2,173987,11,9,2,0,0,4,1,0,0,40,35,1
48,3,196689,9,13,2,11,0,4,1,0,0,40,35,1
77,4,34761,5,4,2,4,0,4,1,0,0,40,35,0
75,2,248833,11,9,1,2,5,4,0,2653,0,14,35,0
42,2,24982,15,10,2,2,0,4,1,7688,0,40,35,1
40,1,180123,11,9,3,4,3,2,1,0,0,40,35,0
33,2,618191,11,9,4,3,1,4,0,0,0,40,35,0
34,2,27494,11,9,0,2,1,0,1,0,0,48,35,1
72,2,53684,15,10,2,10,0,2,1,0,0,40,35,0
77,2,185426,11,9,2,2,0,4,1,0,0,15,35,0
42,2,183096,15,10,0,3,3,4,0,0,0,40,35,0
43,2,176452,6,5,3,2,1,4,1,0,0,50,35,1
58,2,212864,11,9,0,5,1,4,1,0,0,40,35,0
49,2,237920,10,16,2,11,0,4,1,0,0,60,35,0
61,2,195595,5,4,3,6,1,4,1,0,0,40,12,0
24,2,106085,11,9,4,7,3,2,1,0,1721,30,35,0
23,2,239663,15,10,4,5,3,4,1,2597,0,50,35,0
24,2,537222,11,9,2,3,0,4,1,0,0,50,35,0
30,1,102130,15,10,2,2,0,4,1,0,0,40,35,0
74,2,99183,15,10,0,0,1,4,0,0,0,9,35,0
54,1,188588,4,3,4,6,1,4,1,0,2001,35,35,0
73,4,228899,5,4,4,0,1,4,0,0,0,99,35,0
24,1,317443,9,13,2,9,5,2,0,0,0,40,35,0
43,2,159549,9,13,2,3,0,4,1,0,1902,40,35,1
28,2,266070,15,10,4,3,1,4,0,0,0,40,35,0
49,2,237920,10,16,2,11,0,4,1,0,0,60,35,0
64,1,50442,6,5,4,0,2,4,1,0,0,40,35,0
52,2,202956,5,4,2,2,0,4,1,0,0,40,35,0
59,2,99131,11,9,6,9,1,4,0,0,0,18,35,0
32,2,364657,15,10,2,3,0,4,1,0,0,50,35,0
18,4,230373,1,7,4,7,3,4,0,594,0,4,35,0
50,2,178946,12,14,2,9,0,4,1,0,0,50,35,1
68,2,103161,11,9,6,2,1,4,1,0,0,32,35,0
46,2,282538,8,11,5,6,1,2,0,0,0,40,35,0
37,2,138441,11,9,0,13,1,4,1,0,0,40,35,0
62,0,34916,15,10,2,9,0,4,1,0,0,40,35,1
61,2,149620,15,10,0,7,1,2,1,0,0,40,35,0
80,2,91901,11,9,2,2,0,4,1,0,0,25,35,0
65,2,176219,11,9,3,7,1,1,1,0,0,40,31,0
38,2,166062,11,9,0,0,1,4,0,0,0,50,35,0
38,2,227794,9,13,4,0,1,2,1,0,0,40,35,0
17,2,221797,2,8,4,0,3,4,0,594,0,20,35,0
48,2,80651,11,9,0,6,1,4,0,0,0,55,35,0
47,0,329205,9,13,0,9,4,4,1,0,0,40,35,0
23,2,244698,4,3,4,4,2,4,1,0,0,35,24,0
64,2,144182,11,9,6,9,1,4,0,0,0,23,35,0
81,2,55314,9,13,2,0,0,4,1,0,0,4,35,1
20,2,246635,15,10,4,11,3,4,0,2597,0,20,35,0
67,2,182378,9,13,2,2,0,4,1,9386,0,60,35,1
30,2,255004,7,12,0,11,1,4,1,0,0,52,35,0
70,2,174032,11,9,2,11,0,4,1,0,0,40,35,0
41,1,66118,15,10,2,13,5,4,0,0,0,25,35,0
81,2,364099,15,10,0,0,1,4,0,0,0,20,35,0
58,4,194733,15,10,2,9,0,4,1,0,0,45,35,0
59,4,98418,11,9,2,4,0,4,1,0,0,20,35,0
40,5,255824,12,14,2,10,0,4,1,0,0,40,35,1
74,2,209454,4,3,2,13,0,2,1,0,0,40,35,0
46,2,72896,7,12,2,2,0,4,1,0,0,45,35,0
51,2,427781,11,9,2,13,0,2,1,0,0,40,35,0
72,4,473748,11,9,2,11,0,4,1,0,0,30,35,0
73,4,228899,5,4,4,0,1,4,0,0,0,99,35,0
28,2,595088,15,10,2,2,0,4,1,0,0,63,35,0
48,3,191277,8,11,2,3,0,4,1,0,0,50,35,1
40,2,316820,5,4,2,11,0,4,1,4064,0,40,35,0
64,2,477697,11,9,2,3,0,4,1,0,0,16,35,0
70,2,236055,5,4,6,7,1,4,0,0,0,35,35,0
35,5,227128,11,9,0,2,3,4,1,0,0,40,35,0
68,2,99849,11,9,6,6,1,4,0,0,0,28,35,0
64,5,184271,10,16,2,9,0,4,1,0,0,50,35,1
52,2,146767,11,9,2,6,0,4,1,0,0,40,35,1
54,2,320012,15,10,2,0,5,4,0,0,0,40,35,0
25,1,31873,9,13,4,0,1,4,0,0,0,40,35,0
54,2,105428,11,9,2,2,0,4,1,0,0,40,35,0
81,2,364099,15,10,0,0,1,4,0,0,0,20,35,0
52,2,61735,1,7,2,7,0,4,1,0,0,40,35,0
21,2,518530,15,10,4,0,3,4,0,0,0,40,35,0
22,2,240063,11,9,4,5,3,4,1,0,0,40,35,0
22,2,193090,11,9,4,11,1,4,0,0,0,37,35,0
51,2,256051,1,7,2,13,0,2,1,0,1628,40,35,0
69,2,168139,11,9,2,11,5,4,0,0,0,40,35,0
40,2,520586,15,10,0,0,4,4,0,0,0,39,35,0
27,2,311446,15,10,4,0,1,4,0,0,0,60,10,0
58,2,320102,10,16,2,9,0,4,1,0,0,50,35,1
52,2,173987,11,9,2,0,0,4,1,0,0,40,35,1
42,4,178780,12,14,2,3,0,4,1,0,0,50,35,1
57,5,202765,11,9,2,2,0,4,1,0,0,40,35,0
20,2,177287,11,9,4,0,1,4,0,0,0,30,35,0
55,2,124137,11,9,3,6,1,4,1,0,0,40,27,0
47,5,103743,5,4,2,13,0,4,1,0,0,40,35,0
37,2,103323,7,12,2,11,0,4,1,0,0,40,35,0
63,2,143098,11,9,2,11,0,4,1,4064,0,40,35,0
43,2,248186,7,12,4,0,1,4,0,0,0,38,35,0
45,5,231013,9,13,0,10,1,4,1,0,0,40,35,0
22,2,177107,8,11,4,9,4,2,0,0,0,35,35,0
79,1,84616,1,7,2,3,0,4,1,0,0,7,35,0
66,2,177351,9,13,2,2,0,4,1,0,2174,40,35,1
83,3,153183,9,13,2,3,0,4,1,0,2392,55,35,1
46,2,233493,11,9,2,6,0,4,1,0,1579,40,35,0
36,2,186819,7,12,2,2,0,4,1,0,0,52,35,1
54,4,136224,12,14,0,9,1,4,0,0,0,30,35,0
35,2,234901,15,10,2,2,0,4,1,2407,0,40,35,0
66,5,41506,0,6,0,7,1,2,0,0,0,40,35,0
18,2,150817,11,9,4,11,3,4,0,0,0,20,35,0
31,2,87535,15,10,4,6,1,4,0,0,0,25,35,0
24,5,322658,9,13,4,3,1,4,0,0,0,40,35,0
75,2,95985,4,3,6,7,4,2,1,0,0,10,35,0
23,2,302836,7,12,2,2,0,4,1,0,0,40,7,0
42,2,176286,7,12,2,3,0,4,1,0,0,40,35,1
49,0,118701,11,9,0,0,4,2,0,0,0,40,35,0
69,5,170458,11,9,2,7,0,4,1,0,0,20,35,0
18,2,36251,0,6,4,7,3,4,0,0,0,15,35,0
65,2,176219,11,9,3,7,1,1,1,0,0,40,31,0
79,1,84616,1,7,2,3,0,4,1,0,0,7,35,0
74,2,99183,15,10,0,0,1,4,0,0,0,9,35,0
79,1,84616,1,7,2,3,0,4,1,0,0,7,35,0
59,2,99131,11,9,6,9,1,4,0,0,0,18,35,0
38,4,239045,10,16,2,9,0,4,1,0,0,50,35,1
66,2,298834,15,10,2,10,0,4,1,0,0,40,1,0
55,2,136819,9,13,2,2,0,4,1,0,0,40,35,0
32,2,74501,12,14,4,11,3,4,0,0,0,50,35,0
77,4,34761,5,4,2,4,0,4,1,0,0,40,35,0
61,2,80896,12,14,2,9,0,1,1,0,0,45,17,1
38,2,364782,11,9,2,2,0,4,1,0,0,40,35,1
20,2,218215,15,10,4,0,3,4,0,0,0,40,35,0
59,3,132559,10,16,2,2,0,4,1,0,1977,55,35,1
44,4,22933,11,9,2,3,0,4,1,0,0,40,35,0
74,2,99183,15,10,0,0,1,4,0,0,0,9,35,0
77,4,34761,5,4,2,4,0,4,1,0,0,40,35,0
63,2,339755,9,13,2,9,0,4,1,0,0,50,35,1
21,2,85088,15,10,4,7,3,4,0,0,0,37,35,0
33,2,243330,11,9,2,6,0,4,1,0,0,55,35,0
70,2,236055,5,4,6,7,1,4,0,0,0,35,35,0
25,2,167031,0,6,4,6,1,4,0,0,0,40,3,0
17,2,169037,1,7,4,5,3,4,1,0,0,40,35,0
25,2,199947,11,9,2,0,5,4,0,0,0,40,35,0
75,2,95985,4,3,6,7,4,2,1,0,0,10,35,0
79,1,84616,1,7,2,3,0,4,1,0,0,7,35,0
18,2,220168,15,10,4,2,3,4,1,0,0,16,35,0
71,2,77253,11,9,4,5,1,4,1,0,0,17,35,0
40,2,316820,5,4,2,11,0,4,1,4064,0,40,35,0
55,1,177163,12,14,6,9,4,4,0,914,0,50,35,0
33,2,92865,15,10,4,0,3,4,0,0,0,40,35,0
77,4,34761,5,4,2,4,0,4,1,0,0,40,35,0
74,2,209454,4,3,2,13,0,2,1,0,0,40,35,0
19,2,188618,11,9,4,0,3,4,0,0,0,24,35,0
29,2,231507,11,9,4,2,1,4,1,0,0,35,35,0
59,2,99131,11,9,6,9,1,4,0,0,0,18,35,0
77,2,185426,11,9,2,2,0,4,1,0,0,15,35,0
34,2,87310,11,9,4,5,3,4,1,2174,0,40,35,0
26,2,168552,11,9,0,3,4,4,0,0,0,40,35,0
19,2,278304,15,10,4,7,3,4,0,0,0,15,35,0
18,2,78181,11,9,4,2,3,4,0,0,0,20,35,0
59,2,200316,11,9,2,2,0,4,1,0,0,40,35,0
53,2,182186,6,5,2,7,0,4,1,0,0,40,5,0
65,1,200764,11,9,0,0,1,4,0,0,0,16,35,1
83,3,153183,9,13,2,3,0,4,1,0,2392,55,35,1
32,5,400132,9,13,2,10,0,4,1,0,0,40,35,1
84,2,157778,15,10,6,2,1,4,0,0,0,6,35,0
49,2,181717,8,11,5,9,3,4,0,0,0,36,35,0
66,2,298834,15,10,2,10,0,4,1,0,0,40,1,0
69,5,170458,11,9,2,7,0,4,1,0,0,20,35,0
58,1,215245,9,13,4,9,1,4,0,0,0,37,35,0
25,2,192273,9,13,2,9,0,4,1,0,0,40,35,0
43,4,170230,9,13,4,11,1,4,0,0,0,60,35,0
31,1,189269,11,9,4,10,3,4,1,0,0,40,35,0
69,2,168139,11,9,2,11,5,4,0,0,0,40,35,0
47,2,185041,15,10,2,2,0,4,1,7298,0,40,35,1
48,2,80651,11,9,0,6,1,4,0,0,0,55,35,0
18,2,170094,11,9,4,5,3,4,0,0,0,20,35,0
40,3,189941,9,13,2,9,0,4,1,3103,0,60,35,1
32,2,31714,15,10,0,0,2,4,0,4865,0,40,35,0
75,2,248833,11,9,1,2,5,4,0,2653,0,14,35,0
18,2,133654,11,9,4,0,3,4,0,0,0,40,35,0
44,1,58124,9,13,0,9,4,4,1,0,0,45,35,0
71,4,172046,5,4,2,4,0,4,1,0,0,50,35,0
65,4,111916,14,15,2,3,0,4,1,0,0,10,35,1
19,2,209826,15,10,4,11,3,4,0,0,0,15,35,0
82,4,240491,11,9,2,2,0,4,1,0,0,40,4,0
53,0,221791,11,9,0,2,1,2,1,0,0,40,35,0
41,2,323790,11,9,0,5,4,4,1,0,0,55,35,0
70,2,221603,15,10,6,11,1,4,0,0,0,34,35,0
62,0,34916,15,10,2,9,0,4,1,0,0,40,35,1
20,2,155818,11,9,4,7,3,4,0,0,0,20,35,0
83,3,153183,9,13,2,3,0,4,1,0,2392,55,35,1
63,2,346975,9,13,2,9,5,4,0,7688,0,36,35,1
36,2,290409,15,10,2,13,0,4,1,0,0,40,35,0
74,4,392886,11,9,6,4,1,4,0,0,0,14,35,0
80,2,91901,11,9,2,2,0,4,1,0,0,25,35,0
68,2,34887,11,9,6,8,1,4,0,0,0,6,35,0
25,2,335522,6,5,4,5,1,4,1,0,0,40,24,0
65,2,176796,10,16,6,9,1,4,0,0,0,40,35,0
34,2,554206,11,9,5,13,1,2,1,0,0,20,35,0
73,2,88594,11,9,0,3,1,4,0,0,0,35,35,0
52,0,165050,11,9,4,0,1,4,1,0,0,48,35,1
71,2,228806,6,5,0,8,1,2,0,0,0,6,35,0
44,2,314739,15,10,2,11,0,4,1,0,0,40,35,1
33,1,161942,9,13,4,0,1,4,0,1055,0,40,35,0
38,2,94559,9,13,2,2,5,3,0,7688,0,50,35,1
33,3,206609,11,9,4,2,3,4,1,0,1876,50,35,0
32,4,116834,11,9,2,7,5,4,0,0,0,5,35,0
77,4,34761,5,4,2,4,0,4,1,0,0,40,35,0
54,1,188588,4,3,4,6,1,4,1,0,2001,35,35,0
62,2,139391,15,10,2,2,0,4,1,0,0,24,35,0
32,2,299635,15,10,2,3,0,4,1,0,0,50,10,0
71,2,228806,6,5,0,8,1,2,0,0,0,6,35,0
34,2,182006,1,7,4,0,1,4,0,4416,0,30,35,0
34,2,177675,9,13,2,12,0,4,1,0,0,40,35,1
59,2,258579,15,10,2,13,0,4,1,3103,0,35,35,1
79,1,84616,1,7,2,3,0,4,1,0,0,7,35,0
20,2,197752,15,10,4,0,3,4,1,0,0,16,35,0
84,2,157778,15,10,6,2,1,4,0,0,0,6,35,0
40,4,240698,11,9,2,2,0,4,1,0,0,60,35,0
70,2,236055,5,4,6,7,1,4,0,0,0,35,35,0
72,2,194548,15,10,3,2,1,4,1,0,0,3,35,0
57,2,279636,8,11,4,2,1,4,1,0,0,40,35,1
35,2,215323,8,11,0,7,4,4,0,0,0,35,35,0
59,2,424468,9,13,2,2,0,4,1,0,0,40,35,1
69,2,168139,11,9,2,11,5,4,0,0,0,40,35,0
26,1,197764,9,13,4,9,1,4,0,0,0,40,35,0
58,2,430005,0,6,2,13,0,4,1,0,0,50,35,1
73,2,88594,11,9,0,3,1,4,0,0,0,35,35,0
43,5,260960,9,13,2,9,0,4,1,0,0,50,35,0
39,2,78171,15,10,3,0,4,0,0,0,0,40,35,0
49,4,192203,6,5,2,2,0,4,1,0,0,40,1,0
20,1,38455,11,9,4,2,1,4,1,0,0,10,35,0
80,2,91901,11,9,2,2,0,4,1,0,0,25,35,0
35,2,81232,9,13,2,11,0,4,1,15024,0,50,35,1
32,3,317660,11,9,2,2,0,4,1,7688,0,40,35,1
34,2,608881,11,9,4,2,1,2,1,0,0,40,35,0
72,2,107814,12,14,4,9,1,4,1,2329,0,60,35,0
84,2,157778,15,10,6,2,1,4,0,0,0,6,35,0
61,0,95680,7,12,2,3,0,1,1,3103,0,40,35,1
68,4,195881,11,9,2,4,0,4,1,2414,0,40,35,0
19,3,150384,11,9,4,3,3,4,1,0,0,40,35,0
46,2,72896,7,12,2,2,0,4,1,0,0,45,35,0
42,3,557349,9,13,2,3,0,4,1,0,0,70,35,0
59,4,98418,11,9,2,4,0,4,1,0,0,20,35,0
41,4,344329,11,9,2,7,0,4,1,0,0,10,35,0
32,2,155232,9,13,0,10,1,2,1,0,0,60,35,1
26,5,287420,9,13,4,9,1,4,0,0,0,60,35,0
82,4,240491,11,9,2,2,0,4,1,0,0,40,4,0
47,4,20946,9,13,0,7,1,4,0,0,0,40,35,0
44,5,46221,10,16,4,9,1,4,1,0,0,45,35,1
17,2,108402,0,6,4,11,3,4,0,0,0,20,35,0
75,2,95985,4,3,6,7,4,2,1,0,0,10,35,0
83,3,153183,9,13,2,3,0,4,1,0,2392,55,35,1
35,2,191103,11,9,2,11,0,4,1,0,0,40,35,0
49,2,193366,12,14,2,3,0,4,1,0,0,65,35,1
75,2,248833,11,9,1,2,5,4,0,2653,0,14,35,0
67,4,75140,11,9,2,4,0,4,1,0,0,25,35,0
41,2,172828,6,5,2,7,0,4,1,0,0,55,25,0
69,2,177374,11,9,6,0,4,4,0,1848,0,12,35,0
57,2,24384,5,4,6,7,1,4,0,0,0,10,35,0
20,2,400443,11,9,4,11,3,4,0,0,0,20,35,0
79,1,84616,1,7,2,3,0,4,1,0,0,7,35,0
23,0,173851,11,9,4,1,1,4,1,0,0,8,35,0
74,2,99183,15,10,0,0,1,4,0,0,0,9,35,0
56,2,92215,6,5,0,2,1,4,0,0,0,40,35,1
40,2,184682,15,10,0,0,4,4,0,0,0,40,35,0
34,2,124569,15,10,0,0,1,4,0,0,0,40,35,0
69,2,473040,4,3,0,2,1,4,1,0,0,40,35,0
77,2,185426,11,9,2,2,0,4,1,0,0,15,35,0
23,2,214542,9,13,4,2,3,4,1,0,0,42,35,0
72,2,194548,15,10,3,2,1,4,1,0,0,3,35,0
70,2,174032,11,9,2,11,0,4,1,0,0,40,35,0
58,2,289364,15,10,2,3,0,4,1,7688,0,45,35,1
24,2,283757,9,13,4,0,3,4,1,0,0,39,35,0
74,4,45319,2,8,2,7,0,4,1,1409,0,20,1,0
23,2,109952,15,10,2,2,0,4,1,0,0,60,35,0
61,2,149620,15,10,0,7,1,2,1,0,0,40,35,0
25,2,208117,9,13,4,9,2,4,1,0,0,40,35,0
79,1,84616,1,7,2,3,0,4,1,0,0,7,35,0
45,4,210364,11,9,2,11,0,4,1,15024,0,80,35,1
72,2,107814,12,14,4,9,1,4,1,2329,0,60,35,0
66,2,177351,9,13,2,2,0,4,1,0,2174,40,35,1
67,2,182378,9,13,2,2,0,4,1,9386,0,60,35,1
63,2,137192,9,13,2,2,0,1,1,0,0,40,31,0
49,2,175958,15,10,2,11,0,4,1,0,0,80,35,1
60,2,88675,11,9,2,2,0,4,1,0,0,40,35,0
81,2,55314,9,13,2,0,0,4,1,0,0,4,35,1
40,2,477345,5,4,2,5,0,4,1,0,2057,40,24,0
80,2,91901,11,9,2,2,0,4,1,0,0,25,35,0
70,4,143833,15,10,2,3,0,4,1,0,2246,40,35,1
22,3,333197,11,9,4,3,3,4,1,0,2205,45,35,0
48,4,209146,11,9,2,13,0,4,1,0,0,60,35,0
54,2,140359,5,4,0,6,4,4,0,0,3900,40,35,0
66,3,107627,11,9,2,11,0,4,1,0,0,60,35,1
41,4,27305,11,9,2,4,0,4,1,7688,0,40,35,1
82,4,240491,11,9,2,2,0,4,1,0,0,40,4,0
42,4,140915,11,9,2,11,0,1,1,0,0,60,31,0
40,0,544792,15,10,2,4,0,4,1,0,0,40,35,0
36,5,37931,11,9,2,10,0,4,1,0,0,48,35,1
23,2,53245,6,5,5,7,1,4,1,0,0,40,35,0
69,4,187332,14,15,2,9,0,4,1,20051,0,45,35,1
65,1,200764,11,9,0,0,1,4,0,0,0,16,35,1
42,2,175943,9,13,4,0,3,4,0,0,0,35,35,0
42,2,66755,5,4,2,2,0,3,1,0,0,40,35,0
67,2,182378,9,13,2,2,0,4,1,9386,0,60,35,1
77,4,34761,5,4,2,4,0,4,1,0,0,40,35,0
30,2,234753,8,11,2,3,5,4,0,0,0,34,35,1
40,2,180032,12,14,4,9,1,4,0,0,1669,40,35,0
62,4,168682,5,4,2,11,0,4,1,0,0,5,35,0
74,2,209454,4,3,2,13,0,2,1,0,0,40,35,0
43,2,170721,15,10,2,2,0,4,1,0,0,40,35,1
71,2,228806,6,5,0,8,1,2,0,0,0,6,35,0
17,2,169037,1,7,4,5,3,4,1,0,0,40,35,0
79,1,84616,1,7,2,3,0,4,1,0,0,7,35,0
82,4,240491,11,9,2,2,0,4,1,0,0,40,4,0
71,4,172046,5,4,2,4,0,4,1,0,0,50,35,0
66,4,37170,11,9,2,0,0,4,1,0,0,42,35,1
41,2,149909,11,9,2,2,0,4,1,0,1848,40,35,1
27,1,163320,7,12,4,10,3,4,1,0,0,40,35,0
23,2,302312,11,9,0,10,1,2,1,0,0,40,35,0
56,2,82050,1,7,2,6,0,4,1,7298,0,40,35,1
68,2,211287,12,14,2,3,0,4,1,0,2392,40,35,1
81,2,55314,9,13,2,0,0,4,1,0,0,4,35,1
67,2,160456,1,7,6,7,1,4,0,0,0,40,35,0
31,2,244665,15,10,4,3,1,4,1,0,0,45,14,0
82,4,240491,11,9,2,2,0,4,1,0,0,40,4,0
34,2,89644,15,10,2,11,0,4,1,0,0,55,35,1
62,0,34916,15,10,2,9,0,4,1,0,0,40,35,1
44,1,366180,9,13,4,9,1,4,1,0,0,50,35,0
58,2,206814,9,13,2,0,0,4,1,7688,0,50,35,1
81,2,364099,15,10,0,0,1,4,0,0,0,20,35,0
35,2,105821,11,9,2,3,0,4,1,5178,0,40,35,1
56,2,92215,6,5,0,2,1,4,0,0,0,40,35,1
54,3,117674,9,13,2,11,0,4,1,0,0,40,35,1
49,2,181717,8,11,5,9,3,4,0,0,0,36,35,0
17,2,221797,2,8,4,0,3,4,0,594,0,20,35,0
55,2,174662,11,9,2,13,0,4,1,0,0,32,35,0
31,2,103596,11,9,2,11,0,4,1,0,0,55,35,1
65,2,176796,10,16,6,9,1,4,0,0,0,40,35,0
60,4,127805,5,4,2,13,0,4,1,0,0,40,35,1
46,4,181372,9,13,4,4,1,4,0,0,0,40,35,0
41,2,168730,15,10,2,11,0,4,1,0,0,50,35,1
81,2,55314,9,13,2,0,0,4,1,0,0,4,35,1
79,1,84616,1,7,2,3,0,4,1,0,0,7,35,0
34,2,35595,9,13,2,2,0,4,1,0,0,30,35,0
25,5,203279,9,13,4,9,1,1,1,0,0,20,17,0
34,1,117018,15,10,4,10,1,4,0,0,0,40,35,0
63,2,205246,11,9,2,6,0,2,1,0,0,40,35,0
59,2,59584,11,9,2,6,0,2,1,0,0,40,35,0
17,2,108402,0,6,4,11,3,4,0,0,0,20,35,0
20,2,221661,11,9,2,0,5,4,0,0,0,40,24,0
36,2,279615,9,13,0,11,3,4,0,0,0,40,35,0
43,2,177905,15,10,2,9,0,4,1,0,0,40,35,1
75,2,95985,4,3,6,7,4,2,1,0,0,10,35,0
79,1,84616,1,7,2,3,0,4,1,0,0,7,35,0
24,2,314165,15,10,4,3,3,4,1,0,0,20,35,0
55,2,136819,9,13,2,2,0,4,1,0,0,40,35,0
44,2,55191,14,15,4,9,1,2,0,0,0,40,35,0
84,2,157778,15,10,6,2,1,4,0,0,0,6,35,0
54,2,329733,11,9,4,3,4,4,1,0,0,40,35,1
56,2,95763,0,6,0,2,1,4,1,0,0,45,35,0
36,2,192704,2,8,4,3,1,4,1,4650,0,50,35,0
49,2,255559,15,10,2,0,5,4,0,0,0,40,35,1
59,2,258579,15,10,2,13,0,4,1,3103,0,35,35,1
49,2,27802,15,10,2,2,0,4,1,0,1887,40,35,1
36,2,24504,11,9,0,0,4,4,0,0,0,40,35,0
56,2,367984,8,11,2,3,0,4,1,15024,0,40,35,1
69,2,168139,11,9,2,11,5,4,0,0,0,40,35,0
60,2,389254,11,9,2,11,0,4,1,0,0,40,35,1
74,2,209454,4,3,2,13,0,2,1,0,0,40,35,0
60,2,147473,11,9,2,11,0,4,1,0,0,40,35,0
56,4,403072,15,10,2,2,0,4,1,0,0,50,35,1
45,5,190406,14,15,0,9,4,2,1,25236,0,36,35,1
18,2,133654,11,9,4,0,3,4,0,0,0,40,35,0
59,2,200316,11,9,2,2,0,4,1,0,0,40,35,0
69,2,185691,1,7,2,0,0,4,1,0,0,20,35,0
75,2,95985,4,3,6,7,4,2,1,0,0,10,35,0
26,2,40032,9,13,4,2,1,4,0,0,0,40,35,0
75,2,248833,11,9,1,2,5,4,0,2653,0,14,35,0
19,2,238144,15,10,0,0,1,4,0,0,0,20,35,0
36,2,102729,15,10,4,2,1,4,1,0,0,40,35,0
53,2,149220,12,14,2,11,0,4,1,0,0,40,35,0
74,4,45319,2,8,2,7,0,4,1,1409,0,20,1,0
52,2,176134,11,9,2,6,0,2,1,0,0,48,35,0
82,4,240491,11,9,2,2,0,4,1,0,0,40,4,0
24,2,321763,11,9,4,3,1,4,1,0,0,38,35,0
62,2,263374,8,11,2,2,0,4,1,0,0,40,1,0
69,5,170458,11,9,2,7,0,4,1,0,0,20,35,0
81,2,364099,15,10,0,0,1,4,0,0,0,20,35,0
37,2,122493,11,9,2,13,0,4,1,0,0,45,35,0
51,2,205884,15,10,2,12,5,4,0,0,0,40,35,1
79,1,84616,1,7,2,3,0,4,1,0,0,7,35,0
68,3,140852,11,9,2,11,0,4,1,0,0,40,35,0
70,2,174032,11,9,2,11,0,4,1,0,0,40,35,0
57,2,211678,0,6,0,0,1,4,1,0,0,64,35,0
27,2,341672,15,10,4,0,2,1,1,0,0,40,17,0
54,2,140359,5,4,0,6,4,4,0,0,3900,40,35,0
21,2,260254,11,9,4,2,1,4,1,0,0,40,35,0
22,2,137876,15,10,4,10,1,4,1,0,0,20,35,0
70,4,143833,15,10,2,3,0,4,1,0,2246,40,35,1
22,2,193090,11,9,4,11,1,4,0,0,0,37,35,0
21,2,153209,15,10,2,6,0,4,1,0,0,40,35,0
36,4,344351,11,9,4,13,3,4,1,0,0,40,35,0
63,4,194638,11,9,2,2,0,4,1,0,0,32,35,0
79,1,84616,1,7,2,3,0,4,1,0,0,7,35,0
27,2,200928,15,10,4,11,3,4,1,0,0,22,35,0
27,2,312485,11,9,4,5,3,4,1,0,0,32,35,0
55,2,183884,11,9,0,2,1,4,1,0,0,45,35,0
17,2,130125,0,6,4,7,3,0,0,1055,0,20,35,0
22,2,228394,15,10,4,0,3,4,0,0,0,36,35,0
30,2,87469,11,9,4,7,1,4,1,0,0,40,35,0
71,2,77253,11,9,4,5,1,4,1,0,0,17,35,0
84,2,157778,15,10,6,2,1,4,0,0,0,6,35,0
41,2,94210,11,9,0,5,4,4,1,0,0,48,35,0
71,2,77253,11,9,4,5,1,4,1,0,0,17,35,0
33,4,222162,11,9,2,2,0,4,1,0,0,40,35,0
24,2,224785,9,13,4,11,1,4,1,0,1876,65,35,0
73,2,88594,11,9,0,3,1,4,0,0,0,35,35,0
52,1,251841,12,14,4,9,1,4,0,0,0,50,35,0
17,2,221797,2,8,4,0,3,4,0,594,0,20,35,0
49,4,192203,6,5,2,2,0,4,1,0,0,40,1,0
31,2,257849,11,9,2,3,0,4,1,0,0,40,35,0
68,2,217424,11,9,2,10,0,4,1,0,0,24,35,0
74,4,392886,11,9,6,4,1,4,0,0,0,14,35,0
44,2,118212,0,6,2,6,0,4,1,0,0,40,35,0
36,2,189674,15,10,5,7,2,2,0,0,0,40,35,0
80,2,91901,11,9,2,2,0,4,1,0,0,25,35,0
39,3,154641,11,9,0,2,4,4,1,0,0,60,35,0
70,2,221603,15,10,6,11,1,4,0,0,0,34,35,0
73,2,88594,11,9,0,3,1,4,0,0,0,35,35,0
65,2,350498,9,13,2,0,0,4,1,10605,0,20,35,1
23,2,60409,11,9,4,3,1,4,0,0,0,40,35,0
75,2,95985,4,3,6,7,4,2,1,0,0,10,35,0
45,3,36228,9,13,2,4,0,4,1,4386,0,35,35,1
83,3,153183,9,13,2,3,0,4,1,0,2392,55,35,1
35,2,422933,9,13,4,7,1,4,1,0,0,37,35,0
58,2,225394,11,9,2,2,0,4,1,0,1902,40,35,0
26,2,171114,9,13,4,0,1,4,0,0,0,40,35,0
25,2,93223,15,10,0,9,4,4,0,0,0,35,35,0
22,5,201569,9,13,4,9,3,4,0,0,0,20,35,0
28,5,119793,15,10,2,10,0,4,1,0,0,40,35,0
37,2,146398,9,13,4,9,1,2,0,0,0,40,35,0
57,2,169071,11,9,0,11,4,4,0,0,0,28,35,0
18,4,213024,15,10,4,4,3,4,1,0,0,30,35,0
80,2,91901,11,9,2,2,0,4,1,0,0,25,35,0
37,2,279029,9,13,4,2,1,4,1,0,0,40,35,0
71,2,228806,6,5,0,8,1,2,0,0,0,6,35,0
67,4,152102,11,9,6,4,1,4,1,0,0,65,35,0
75,2,95985,4,3,6,7,4,2,1,0,0,10,35,0
84,2,157778,15,10,6,2,1,4,0,0,0,6,35,0
73,4,228899,5,4,4,0,1,4,0,0,0,99,35,0
25,2,167031,0,6,4,6,1,4,0,0,0,40,3,0
67,2,160456,1,7,6,7,1,4,0,0,0,40,35,0
47,2,176893,11,9,0,2,1,2,1,8614,0,44,35,1
38,2,278557,9,13,2,11,0,4,1,0,0,50,35,1
39,5,235379,7,12,0,9,1,4,0,0,0,40,35,0
26,2,341672,15,10,4,0,2,1,1,0,0,60,17,0
67,2,102693,11,9,6,2,1,4,1,1086,0,35,35,0
26,2,241852,2,8,4,2,4,4,1,0,0,40,35,0
75,2,95985,4,3,6,7,4,2,1,0,0,10,35,0
59,2,172618,15,10,0,11,1,4,1,0,0,56,35,0
84,2,157778,15,10,6,2,1,4,0,0,0,6,35,0
26,2,160300,11,9,3,10,1,4,1,0,0,40,35,0
69,2,185691,1,7,2,0,0,4,1,0,0,20,35,0
39,2,193260,15,10,2,0,0,1,1,0,0,25,24,0
26,2,169100,11,9,0,6,1,4,1,0,0,40,35,0
31,2,126501,15,10,2,2,0,4,1,0,0,40,35,0
36,2,295706,11,9,4,6,1,4,1,3674,0,42,35,0
49,4,122584,5,4,2,11,0,4,1,0,0,40,35,0
81,2,55314,9,13,2,0,0,4,1,0,0,4,35,1
61,2,244261,11,9,2,2,0,2,1,0,0,40,35,0
36,4,34378,8,11,2,4,0,4,1,3908,0,75,35,0
31,2,382583,11,9,4,6,3,2,1,0,0,40,35,0
42,2,40151,8,11,2,7,0,4,1,0,0,30,35,0
61,3,156653,11,9,0,11,1,4,1,0,0,55,35,0
58,4,189528,11,9,2,11,0,4,1,0,0,84,35,0
22,2,237386,8,11,4,9,1,4,1,0,0,50,35,0
51,3,183173,11,9,2,3,0,4,1,0,0,70,35,1
40,1,74949,15,10,4,3,1,4,1,0,0,40,35,0
27,2,133937,12,14,4,11,3,4,1,0,0,40,35,0
63,2,143098,11,9,2,11,0,4,1,4064,0,40,35,0
49,2,191277,15,10,2,7,0,4,1,0,0,40,35,0
50,2,167065,9,13,2,3,0,4,1,0,0,40,35,1
38,2,180303,9,13,2,3,0,1,1,0,0,50,22,1
55,0,113398,15,10,4,0,4,4,1,0,0,40,35,0
55,1,177163,12,14,6,9,4,4,0,914,0,50,35,0
31,2,114937,9,13,2,9,0,4,1,0,0,35,35,0
33,2,30612,15,10,2,11,0,4,1,0,0,40,35,0
49,2,162264,11,9,4,6,1,2,1,0,0,40,35,0
31,2,188961,7,12,4,12,3,4,0,0,0,40,35,0
29,2,59231,15,10,2,2,0,4,1,0,0,42,35,0
53,0,221791,11,9,0,2,1,2,1,0,0,40,35,0
18,2,191784,11,9,4,10,1,4,1,0,0,40,29,0
41,1,195897,12,14,2,9,0,4,1,0,0,60,35,0
39,2,187921,11,9,2,13,0,4,1,0,0,99,35,0
42,2,167678,1,7,2,2,0,4,1,0,0,22,6,0
64,5,184271,10,16,2,9,0,4,1,0,0,50,35,1
74,4,392886,11,9,6,4,1,4,0,0,0,14,35,0
29,5,133846,15,10,4,7,3,4,0,0,0,40,35,0
60,1,212856,12,14,2,9,0,4,1,0,0,40,35,1
73,2,88594,11,9,0,3,1,4,0,0,0,35,35,0
28,2,68021,9,13,0,9,1,4,0,0,0,40,35,0
82,4,240491,11,9,2,2,0,4,1,0,0,40,4,0
67,2,102693,11,9,6,2,1,4,1,1086,0,35,35,0
46,5,353012,11,9,2,13,0,4,1,0,0,40,35,0
56,4,190091,8,11,3,11,1,4,1,0,0,46,35,0
28,2,330466,9,13,4,9,1,1,1,0,0,40,15,0
80,2,91901,11,9,2,2,0,4,1,0,0,25,35,0
53,2,30244,7,12,2,3,0,4,1,15024,0,40,35,1
71,2,228806,6,5,0,8,1,2,0,0,0,6,35,0
64,2,477697,11,9,2,3,0,4,1,0,0,16,35,0
25,2,166977,9,13,2,9,5,4,0,0,1887,40,35,1
55,2,190508,15,10,2,13,0,2,1,0,0,35,35,0
47,2,73394,15,10,2,3,5,4,0,0,0,50,35,0
56,2,132930,12,14,4,2,1,4,0,0,0,50,35,1
27,5,222506,9,13,4,9,1,2,0,0,0,60,35,0
35,2,149347,11,9,4,2,1,4,1,0,0,70,35,0
49,2,387074,15,10,2,11,0,4,1,0,0,40,35,0
74,2,99183,15,10,0,0,1,4,0,0,0,9,35,0
81,2,364099,15,10,0,0,1,4,0,0,0,20,35,0
47,2,73394,15,10,2,3,5,4,0,0,0,50,35,0
20,2,162945,15,10,4,2,3,4,1,0,0,40,35,0
56,2,340171,11,9,2,13,0,2,1,0,0,40,35,0
30,2,194141,15,10,0,6,1,4,1,0,1617,40,35,0
36,4,129150,11,9,2,4,0,4,1,0,0,50,35,1
60,2,239576,12,14,2,13,0,4,1,0,0,10,35,0
51,2,182944,11,9,6,12,4,2,0,0,0,40,35,0
63,2,310396,6,5,2,2,0,4,1,5178,0,40,35,1
